"wallet","socialWallet","privyUserId","displayName","avatarUrl","isActive","isAdmin","hasFinishedOnboarding","invitedById","id","createdAt","updatedAt","lastRecommendationsSyncedAt"
"0x0",NULL,NULL,"0x0",NULL,False,True,False,NULL,1,"2023-11-14 09:57:41.913","2023-11-14 09:57:41.913",NULL
"0xccdb5043087a5d4a8598a73fe1d789a130c5cb4c","0x33041027dd8f4dc82b6e825fb37adf8f15d44053","did:privy:clox1roct066ejj0fvvhga3yz","LEAL","https://talentprotocol-mvp.s3.eu-west-2.amazonaws.com/63a634bf10eaab4ea4cb8d4057919d3b.jpg",True,False,True,1,2,"2023-11-14 09:58:28.4","2023-12-01 14:10:12.645","2023-12-01 14:10:12.645"
"0x41e08217666e1678e37c5e3ce59dcb3141f5192e","0x58a35cf59d5c630c057af008a78bc67cdc2ec094","did:privy:cloy05lyi047ul60fnj49rd0f","Filipe Macedo","https://talentprotocol-mvp.s3.eu-west-2.amazonaws.com/8e71868c4c70d0f45bdbf3e9735e10ba.jpg",True,False,True,1,3,"2023-11-14 10:43:09.43","2023-12-06 10:06:02.205","2023-12-06 10:06:02.204"
"0x213546d9100283231f31c0658e5f187e017e7ed5","0x1358155a15930f89ebc787a34eb4ccfd9720bc62","did:privy:cloy8rton05y9l70gmz3d958c","limone","https://talentprotocol-mvp.s3.eu-west-2.amazonaws.com/921075eb5ebbd30181c95a0c97362764.png",True,False,True,1,4,"2023-11-14 11:20:20.849","2023-12-07 04:30:40.192","2023-12-07 04:30:40.191"
"0x61d91254bb4a48063c0c80d032d3d96b20d6d96c","0x923b6bfc8cb0d9a57716a1340f7b86e8b678ecea","did:privy:cloy8s0vh04sci90fj3eier7q","rudnevsky","https://talentprotocol-mvp.s3.eu-west-2.amazonaws.com/74286b7e8dd94410fabbf0e248e191f4.jpeg",True,False,True,1,5,"2023-11-14 11:20:35.43","2023-12-01 14:08:00.381","2023-12-01 14:08:00.38"
"0x8d53613f1ae3d167db0cf5ea80b4999f50ec2316","0xf9342d70a2a6eb46afd7b81138dee01d73b2e419","did:privy:cloy908u301dbld0fc5p0cyz9","PCBO","https://talentprotocol-mvp.s3.eu-west-2.amazonaws.com/b2bf6a8bcaa7bc09ad66cd86b2b10bf1.png",True,False,True,1,6,"2023-11-14 11:27:37.246","2023-12-01 14:05:48.734","2023-12-01 14:05:48.733"
"0x0cd9dc2e6d269829274a2d2d3c53ca3615fc76fc","0x4aed006c0235312a56da3bce1dab9cae0f3f95a9","did:privy:cloy9cbt008rvl50fmj2verev","Tom","https://talentprotocol-mvp.s3.eu-west-2.amazonaws.com/7ce2df42b4d2d81aa1a36c9a2b9caaeb.jpg",True,False,True,1,7,"2023-11-14 11:36:15.702","2023-12-01 14:14:35.919","2023-12-01 14:14:35.919"
"0xc20a8da8c774ef07efc197be893beb9614a2cfe8","0xf924efc8830bfa1029fa0cd7a51901a5ec03de3d","did:privy:cloyamfwv09fti90fsr6chxcw","Tolga Dizmen","https://talentprotocol-mvp.s3.eu-west-2.amazonaws.com/ae25f7674cff29634cf14407db40837d.png",True,False,True,1,8,"2023-11-14 12:12:22.288","2023-12-01 14:10:30.833","2023-12-01 14:10:30.832"
"0x3476b7949740052be03cc61562c096c1459a92a9","0xa081e1da16133bb4ebc7aab1a9b0588a48d15138","did:privy:cloyb0hu50ab6i90f3wj308i0","Juampi","https://talentprotocol-mvp.s3.eu-west-2.amazonaws.com/ab2cddf6a1c41a89e42b1bb2d3f89f37.jpg",True,False,True,1,9,"2023-11-14 12:23:01.088","2023-12-01 14:13:00.635","2023-12-01 14:13:00.634"
"0x1cc54c72dd81c93f672661f9b7262266d844831d","0xf341a0c30be52c58a73b1b50e784e1d53dcd1478","did:privy:cloy3z4y304sqjm0fbe6f00nm","Forkh","https://cloudflare-ipfs.com/ipfs/QmcQ4V4nnYxRwcgptYGgCxiytJmzHXfsEPAYanb3CFyyQS",True,False,True,1,10,"2023-11-14 14:55:12.358","2023-11-18 14:11:44.33",NULL
"0x3a985782aed147e0d2093fd85d6780f1f26d2e14","0xc8b74c37bd25e6ca8cb6ddf2e01058c45d341182","did:privy:cloygynsw047sl30fok53jenx","Rúben Dinis","https://talentprotocol-mvp.s3.eu-west-2.amazonaws.com/1d337c50ff644a424ce350565c4b1e24.png",True,False,True,1,11,"2023-11-14 15:09:32.136","2023-12-01 14:14:40.051","2023-12-01 14:14:40.05"
"0xe15edc2b6cba7212e98a5f89bac408c3e75e23ce","0x652b551e03d4a25c159e0f8e00e7de78b8917e3a","did:privy:cloyhk0k400nol10fg15hj3s1","Pedro Pereira","https://talentprotocol-mvp.s3.eu-west-2.amazonaws.com/48d39eddf988ab82bef37c6b801e03c8.png",True,False,True,1,12,"2023-11-14 15:26:16.7","2023-12-01 14:13:19.214","2023-12-01 14:13:19.213"
"0xc61c26883187e1c785330dc7dff51e585157b54d",NULL,"did:privy:clozpofog06h8i40fpdcv4saj",NULL,NULL,True,False,False,8,13,"2023-11-15 12:01:17.232","2023-11-15 12:01:17.232",NULL
"0x0ad5ca4bd51d3b379879f553533745ea204a0d6b","0xd03e867ea9d797b35bab7710a5c578aa7de54e90","did:privy:clozsguvj02j3la0f3y748ymo","Simon ","https://talentprotocol-mvp.s3.eu-west-2.amazonaws.com/1474f1d2089cae3ce1c683b803103614.jpg",True,False,True,3,14,"2023-11-15 13:19:20.03","2023-12-01 14:17:37.98","2023-12-01 14:17:37.979"
"0x6a8bde5e079b57c486d4dacfac64d4b6d4231c43","0xe594469fde6ae29943a64f81d95c20f5f8eb2e04","did:privy:clozsht5a01xujz0fm04syhvd","paulofonseca","https://i.seadn.io/gae/ntYF0Q6rLIUgeJWYR_Rro7k7EEkZj_KmfA2kYQcl5tlzr3Vf1eNevAQ21NOk7kXvpvWOF2_DGwoQsEUOAr4WztxwsQh0ynnCvGcSiA?w=500&auto=format",True,False,True,3,15,"2023-11-15 13:20:08.098","2023-11-30 18:12:19.432","2023-11-30 18:12:19.431"
"0xf34e5a011b5366ce1da846262c8279c39b3ddc9e","0x25ab4aaa6cd59da95ddf7452de53784bc53e3402","did:privy:clozshkof02qbjw0f5qyif7xk","Dario Salle","https://talentprotocol-mvp.s3.eu-west-2.amazonaws.com/026e667f164f8f9f53bf0e5be8d7dcd8.jpeg",True,False,True,3,16,"2023-11-15 13:20:26.428","2023-11-30 18:12:30.019","2023-11-30 18:12:30.018"
"0x951a89c137cc95df113623a80c69265e570c8fa2","0xffbeafe9e45aa603915a56bb2ed31f30d1e82b06","did:privy:clozsjtlf01umkv0fa5qkpp7q","*WHTIFIGO","https://talentprotocol-mvp.s3.eu-west-2.amazonaws.com/8909ecae15b3c1cbe1b00086f1f38482.png",True,False,True,3,17,"2023-11-15 13:21:54.042","2023-12-01 14:08:44.013","2023-12-01 14:08:44.012"
"0x8122abec0d3250e1996ae6f80813d2a7225d05d3","0x400420095c6f26272b24b95e4bdd9d6bd51f4ea9","did:privy:clozssnzo00c6l20f4masg3be","Domenico","https://talentprotocol-mvp.s3.eu-west-2.amazonaws.com/ae8eb6d904e6b4afea4eecc214635f7e.png",True,False,True,3,18,"2023-11-15 13:28:33.188","2023-12-01 14:10:23.467","2023-12-01 14:10:23.467"
"0x64c31d5cd9a4c83cffdfba9348fcb4de1dc0587e","0x6902e5caf41158d3ed516cbd6d2807bb63863f42","did:privy:clozssmc800rjl00gd5tscosx","Camellia","https://talentprotocol-mvp.s3.eu-west-2.amazonaws.com/bbb5f7fe270ed7ddd83fd00290fdc44d.png",True,False,True,4,19,"2023-11-15 13:28:41.537","2023-12-01 14:08:51.298","2023-12-01 14:08:51.297"
"0x48e310d1e195b3af8ff716de5864747a87cc6ea1","0x84c8855a9c4def842266ecf7e7533040e2a3f4b7","did:privy:clozszpv702sujz0ffuduqvad","Ivan","https://talentprotocol-mvp.s3.eu-west-2.amazonaws.com/7e92179b40776adacb2f5980d7e9bbd2.png",True,False,True,4,20,"2023-11-15 13:34:04.43","2023-12-01 14:08:57.022","2023-12-01 14:08:57.021"
"0x3cd5e6b2105ecdffa271d2d03a45e154569359c5",NULL,"did:privy:cloztxmie00d2kw0fjbluitia",NULL,NULL,True,False,False,10,21,"2023-11-15 14:00:28.792","2023-11-15 14:00:28.792",NULL
"0x623e4061aafa1e84ea2521c0fabbee2eaecdfc02",NULL,"did:privy:clozurh0p02hmjz0fel9d4yop",NULL,NULL,True,False,False,4,22,"2023-11-15 14:24:00.535","2023-11-15 14:24:00.535",NULL
"0xd986894d0cd4c2c8bcdffea89d7e4a8c89429c43",NULL,"did:privy:clozwg0wx00ifjo0fenjm9lmd",NULL,NULL,True,False,False,10,23,"2023-11-15 15:10:42.813","2023-11-15 15:10:42.813",NULL
"0x09aa1340f2a9c5b4be7bd0c412cec8926c3a519b",NULL,"did:privy:clozwdo0z02emjz0fa0nhu5tm",NULL,NULL,True,False,False,10,24,"2023-11-15 15:11:37.496","2023-11-15 15:11:37.496",NULL
"0xfa99b5847ae6ac0fa77be16ddd54f3f8af5b0005",NULL,"did:privy:clozwh89j05nsig0frem4ouyd","Ltb",NULL,True,False,True,4,25,"2023-11-15 15:12:01.366","2023-11-15 15:32:49.567",NULL
"0x717afbdd50e9e4999fe969e4bb2a2c6be7e79597",NULL,"did:privy:clozx2m1105ail30f0fdra01y",NULL,NULL,True,False,False,3,26,"2023-11-15 15:28:26.882","2023-11-15 15:28:26.882",NULL
"0x17d1910b9fdbbb9c63589bca5b75f5620bfc6d7a","0xb59aa5bb9270d44be3fa9b6d67520a2d28cf80ab","did:privy:clozxypdc020rju0fp1yuw360","ipeciura","https://i.seadn.io/gae/NDJL_qa7K1lYL1mUWBPV4XL-Y3_hwAMBsCSioWqpTYku430ssIS3IzuS5nGzRTPvVga4LGChNotzFaLmvrpokUS3tqSuMjw2XKlO7w?w=500&auto=format",True,False,True,5,27,"2023-11-15 15:53:12.922","2023-12-05 15:04:02.902","2023-12-05 15:04:02.901"
"0xdbbba0fcf1e88ba5d005239a558fba7d3a0c7751","0x0964256674e42d61f0ff84097e28f65311786ccb","did:privy:clozy7wuv02j0ju0fdtl6hnn6","dawufi","https://i.imgur.com/E51kh9y.gif",True,False,True,5,28,"2023-11-15 16:00:34.276","2023-12-04 15:40:48.613","2023-12-04 15:40:48.612"
"0x2bfffd8b9cda883323a6ba1e7639f47a692d5960","0xeaf55242a90bb3289db8184772b0b98562053559","did:privy:clozy8lcy02ncju0f7o5jfs26","betashop.eth","https://i.seadn.io/gae/L6orcQneNpLm3BYUN1cDsOAalQdWtWPPEUAMuQzpqNzH1hgQMDom79OBfDC8JI7oPlRoZX_ie_CkBxIqxNeTOo8IiGo0iSwkvUhgIFo?w=500&auto=format",True,False,True,5,29,"2023-11-15 16:02:04.896","2023-12-01 14:07:04.695","2023-12-01 14:07:04.694"
"0xa40ec503bd8ba366ccd28e07797eb9e3b3dd6ebb","0xe072e2ad6b0e8d43c29364b4e64851fbd7cbd37c","did:privy:clozz6tre00lejv0fqghoz4o2","verdefred.eth","https://ipfs.io/ipfs/QmTJXWgJsotwL259144DxaaHkEoGmnQqqBtCx6Yk9cyzvP",True,False,True,4,30,"2023-11-15 16:27:38.878","2023-12-05 16:04:22.31","2023-12-05 16:04:22.298"
"0x792670681c236b4030eec86f809849886c8c2453","0xa9bc8a58b39935ba3d8d1ce4b0d3383153f184e1","did:privy:clp031ra301mul50g7sozxmmo","orbulo","https://i.imgur.com/6llolP3.jpg",True,False,True,12,31,"2023-11-15 18:15:35.951","2023-12-01 14:09:52.511","2023-12-01 14:09:52.51"
"0x5d4227ae4095b0b236cf884262a15ef91792af9e","0xe3943f5518b3702a9d80618697357b9820b2ccaf","did:privy:clp03cd8n01p3jr0f7gbsavxp","Paco Trejo","https://talentprotocol-mvp.s3.eu-west-2.amazonaws.com/6c4d2e9df3c50918b78c19ab1794e798.png",True,False,True,2,32,"2023-11-15 18:23:55.744","2023-12-01 14:09:16.668","2023-12-01 14:09:16.667"
"0x2935c11a6d4b51b24d81b4defa0741fc1d8e3bf0",NULL,"did:privy:clp03nj9g02s9l50gkuuqvsvm",NULL,NULL,True,False,False,12,33,"2023-11-15 18:33:00.547","2023-11-15 18:33:00.547",NULL
"0x55b7b92ce62781fad3ea743daaa6b71e00265be1","0x13da1975b34f67235637257648d4f7bf071f7f88","did:privy:clp03xswq004ki50f8fowf2tv","Inês Bragança Gaspar","https://talentprotocol-mvp.s3.eu-west-2.amazonaws.com/972773714b9199d2d89b74b91ad9ebf7.png",True,False,True,2,34,"2023-11-15 18:41:14.179","2023-11-30 18:11:44.495","2023-11-30 18:11:44.494"
"0x864f7c0ec31452a4560adbdc00d89aa83ba536ee",NULL,"did:privy:clp04bwfi01a7jt0fdpizcgyy",NULL,NULL,True,False,False,3,35,"2023-11-15 18:51:56.324","2023-11-15 18:51:56.324",NULL
"0xc603a33cc7e71ae2305caccd0f50e7402527a469","0x0e88ac34917a6bf5e36bfdc2c6c658e58078a1e6","did:privy:clp08ob8200objm0fkgmn9stc","Erik Valle","https://talentprotocol-mvp.s3.eu-west-2.amazonaws.com/cc9823b09df04f0f0b45a5a0d20cf63d.jpg",True,False,True,2,36,"2023-11-15 20:53:54.651","2023-12-01 14:10:46.405","2023-12-01 14:10:46.404"
"0x9e464502cb8a3dae89b466d2481dd6ff61a13329",NULL,"did:privy:clp0tx0ru02lpl50fpwxxf9cz","lin",NULL,True,False,True,7,37,"2023-11-16 06:47:43.785","2023-11-16 06:49:37.876",NULL
"0x0990b2aa85f0d990e428e9f2470743d868dfb9d6",NULL,"did:privy:clp19j3rf01f1jx0fyq5hvt50",NULL,NULL,True,False,False,2,38,"2023-11-16 14:05:14.519","2023-11-16 14:05:14.519",NULL
"0x87fd4ca45da1c13a328ba31a6576c306202eb70e","0xc8611aa02a84de008f174384b5536596cd904698","did:privy:clp1bchyt01bil80g2xrd41hj","Daniel Cukier","https://talentprotocol-mvp.s3.eu-west-2.amazonaws.com/1bd7837f4ffd3d2ebcd1ec7b3627b94a.jpg",True,False,True,2,39,"2023-11-16 14:56:36.098","2023-11-30 18:13:02.892","2023-11-30 18:13:02.891"
"0x75bd508f497acd8bc17aee6045dcf5a1af76ad61","0x38eed3cceed88f380e436eb21811250797c453c5","did:privy:clp1d53sf00jzjr0fqb85dif6","jakubrusiecki.eth","https://ipfs.io/ipfs/bafybeifjlg6bhsv2jqrm35kkqa2euhz5mbo3mmo2n5kpuu2uc5ome2b4bm",True,False,True,5,40,"2023-11-16 15:47:13.735","2023-12-01 14:11:06.861","2023-12-01 14:11:06.86"
"0x59e1e82e9091da7196db7f0d31a1cc4bf5f7617e",NULL,"did:privy:clp281qwl05e9la0fkh9tjz7b",NULL,NULL,True,False,False,2,41,"2023-11-17 06:11:27.562","2023-11-17 06:11:27.562",NULL
"0xc1ff701a7848e746b2ebce8630f854b29b9fa004","0x3e7a0408aad7cc9592cdd05bbff31288abf9ddda","did:privy:clp2bwkxi00d4js0fmgm9qzmm","Kerf",NULL,True,False,True,5,42,"2023-11-17 08:01:02.999","2023-11-17 08:11:27.505",NULL
"0x370c09e7184cd8461b24d8bff56c1deac686522e","0x7fc80fad32ec41fd5cfcc14eee9c31953b6b4a8b","did:privy:clp2ccetc00k9i80f70aemc9w","Bricia Guzmán | @brichis","https://talentprotocol-mvp.s3.eu-west-2.amazonaws.com/7d43e5a68fa1cab65d9a294319af5aaf.jpg",True,False,True,5,43,"2023-11-17 08:12:05.557","2023-12-01 14:10:59.442","2023-12-01 14:10:59.442"
"0x9adeb874171391c1477c0dc1f978a242065d0750",NULL,"did:privy:clp2cxsij01m9lf0fj5k0paf2",NULL,NULL,True,False,False,17,44,"2023-11-17 08:27:57.58","2023-11-17 08:27:57.58",NULL
"0x99fc346060fe7b99bd04d3030dc6ee21a2b7e652",NULL,"did:privy:clp2h504d04v4ju0ft0phzbmp",NULL,NULL,True,False,False,9,45,"2023-11-17 10:25:36.15","2023-11-17 10:25:36.15",NULL
"0x1418c37b2752452b734349093aaf49f7ddaeccf5",NULL,"did:privy:clp2hcigx03wljy0fk5vww9mc","als",NULL,True,False,True,9,46,"2023-11-17 10:31:28.415","2023-11-17 16:48:41.124",NULL
"0x38e10282ca2c641b0bd84eac2b52312a83c913d0",NULL,"did:privy:clp2hd8sq02iclc0f2a1susvq",NULL,NULL,True,False,False,9,47,"2023-11-17 10:32:29.497","2023-11-17 10:32:29.497",NULL
"0x591d3306da4b450102010f17d5dea91d6f920b5e","0x23032a3d92d72a857eb4eb2d9ea417ff103a4008","did:privy:clp2iv7xr01dsjv0flngs9o7a","blackicon.eth","https://euc.li/blackicon.eth",True,False,True,17,48,"2023-11-17 11:14:11.653","2023-11-22 14:41:46.859",NULL
"0x66154bf9ff37e882de01bac42760b6954b07bd15","0x1b2f066126475d61bb7a24261ac30eab00d84c40","did:privy:clp2jx1qn03kel80htw181s7q","Miguel Palhas","https://talentprotocol-mvp.s3.eu-west-2.amazonaws.com/a4ee8f1e98d5ffab227ebd73dde6990d.png",True,False,True,9,49,"2023-11-17 11:43:26.476","2023-12-01 14:11:21.448","2023-12-01 14:11:21.447"
"0x26895b683bf98cd592f8a0ce2b006127a8bbd900","0xd5aefe935dfc9360945115dde8da98b596dfbb9f","did:privy:clp2lr4jq01rmld0f2j00rbm6","lior","https://i.imgur.com/lJgoSQq.jpg",True,False,True,14,50,"2023-11-17 12:34:48.277","2023-12-01 14:11:13.607","2023-12-01 14:11:13.606"
"0xfd59c5ce803e02af7be8d6a25f05e52ad234d6b8",NULL,"did:privy:clp2mlnmb02f8jr0f8wc7yeal",NULL,NULL,True,False,False,9,51,"2023-11-17 12:58:43.756","2023-11-17 12:58:43.756",NULL
"0xb08536641e01501ae07aa9be00a4a275155355f1","0x14185559bc21c98b9dec8bae14ce3db172b506af","did:privy:clp2jwhrt03iel80hv72c88ji","Arthur","https://talentprotocol-mvp.s3.eu-west-2.amazonaws.com/d638c33bea4ff96fc8557d96983f426c.jpg",True,False,True,9,52,"2023-11-17 13:00:38.433","2023-12-01 14:11:03.265","2023-12-01 14:11:03.264"
"0x25951df7ee999c6db82e24c490107521070ad067",NULL,"did:privy:clp2nbeay00o5jn0fpk1eeqza",NULL,NULL,True,False,False,9,53,"2023-11-17 13:18:39.485","2023-11-17 13:18:39.485",NULL
"0xdf064e907bc7504dd68b4c6b9f5ab33dd048b86e",NULL,"did:privy:clp2psphf00u7kv0frq9fbhw8",NULL,NULL,True,False,False,18,54,"2023-11-17 14:28:15.439","2023-11-17 14:28:15.439",NULL
"0xb4a4b0b3f290577345e67bca6efca466e77a9889","0x0363f3c31076a64b85ceb69a28f958a7c1181cee","did:privy:clp2qo56j02s1kv0f2o915tx7","RobinLehmann.eth","https://talentprotocol-mvp.s3.eu-west-2.amazonaws.com/6bb660c01fd6b2cef70397634023b1fb.jpeg",True,False,True,9,55,"2023-11-17 14:52:28.025","2023-12-01 14:18:02.917","2023-12-01 14:18:02.917"
"0x3413ee21f3b2f501e49abad4e54aa6f989c13ef8",NULL,"did:privy:clp2t18ey00crli0iwla429uf",NULL,NULL,True,False,False,18,56,"2023-11-17 15:58:45.901","2023-11-17 15:58:45.901",NULL
"0x359284094a2d23aef7dd7e6e24446be800544db2",NULL,"did:privy:clp2uogdn047hl80f2vls8a2t",NULL,NULL,True,False,False,18,57,"2023-11-17 16:44:52.006","2023-11-17 16:44:52.006",NULL
"0x6ce5cfa0d6d01aaf869ab5256007904b2c9cf4cb",NULL,"did:privy:clp2uq15b04c0l80fl7ge821f",NULL,NULL,True,False,False,9,58,"2023-11-17 16:45:57.106","2023-11-17 16:45:57.106",NULL
"0x61fe19a1129632aa1de3b7329e70130f38ef1317","0x27d311b8958ca479615522304b442e530c8073fe","did:privy:clp2veiji00vgjw0gk3dnfahc","brad","https://i.imgur.com/FqNbamE.jpg",True,False,True,9,59,"2023-11-17 17:04:52.681","2023-12-01 14:10:48.725","2023-12-01 14:10:48.724"
"0x81ed961900c328cea765f4efabaccc37ee6b9b23","0xeb0700e0526471858c756d2074944edecb547d92","did:privy:clp2veydq04zkl80fazyytzmk","joaomoreira","https://talentprotocol-mvp.s3.eu-west-2.amazonaws.com/41ceb0caa4dfa449fe3cdefe836fa693",True,False,True,9,60,"2023-11-17 17:05:20.349","2023-11-24 10:35:13.365",NULL
"0x1f55ba690d85b34d8fc95449c66c82d5bbf66030",NULL,"did:privy:clp2vsrhe005ijp0f73iep7gr",NULL,NULL,True,False,False,18,61,"2023-11-17 17:15:58.84","2023-11-17 17:15:58.84",NULL
"0x06216d784b56e7293d365b33499ee518d9edfa3e",NULL,"did:privy:clp2vvbcs002kl60fyswij2qd",NULL,NULL,True,False,False,18,62,"2023-11-17 17:18:02.093","2023-11-17 17:18:02.093",NULL
"0x8c16053855628c3170ca9a204a5f77d51dffb7fb",NULL,"did:privy:clp2vv3wq01eal20fimh2oess",NULL,NULL,True,False,False,18,63,"2023-11-17 17:18:03.888","2023-11-17 17:18:03.888",NULL
"0xfee194ee5ea0cba520cb29e6b22411c88251851a",NULL,"did:privy:clp2wcrpa00uujz0fi8672fix",NULL,NULL,True,False,False,9,64,"2023-11-17 17:31:28.082","2023-11-17 17:31:28.082",NULL
"0x2b18b8165946b60715e352364328da3bb6d1a12a",NULL,"did:privy:clp2wdigk011plb0hhcwlbau2",NULL,NULL,True,False,False,9,65,"2023-11-17 17:34:52.334","2023-11-17 17:34:52.334",NULL
"0xef382a005cda88951ba2cdffc5ab5769207eed19","0xfd545c98e524b6a702c0378dbb35c6ecce06c216","did:privy:clp2wp5aq00ycjr0gwvh182fk","skerskerr.eth",NULL,True,False,True,6,66,"2023-11-17 17:41:13.909","2023-11-17 17:48:50.777",NULL
"0x53fe7295424906e41748baf69dea9da759bb1d04",NULL,"did:privy:clp2xnhnl01x7ih0f7eyvm5lw",NULL,NULL,True,False,False,9,67,"2023-11-17 18:08:21.256","2023-11-17 18:08:21.256",NULL
"0x8105993b8f759f13b399eccd1080f56f4a701b1a",NULL,"did:privy:clp2y0t180281ju0fie15u8a9","carlos",NULL,True,False,True,9,68,"2023-11-17 18:18:21.523","2023-11-22 16:50:56.417",NULL
"0xd39ed15344cdd583effd65bfa5306915d5f19697",NULL,"did:privy:clp2z2ut200fuld0f3valcg9k",NULL,NULL,True,False,False,18,69,"2023-11-17 18:47:53.565","2023-11-17 18:47:53.565",NULL
"0x4ad32294bd8a2ee08b6c7f5bcc75f573f8005508","0x0a4e926f4aa248b1d37b9e16a751d8d6d10e9cc5","did:privy:clp2zb16200p8l60fwegfxo6p","Henrique Caiano","https://talentprotocol-mvp.s3.eu-west-2.amazonaws.com/ade6e156a2305028715c64e6d9b690c1.jpg",True,False,True,9,70,"2023-11-17 18:54:15.67","2023-12-01 14:11:15.467","2023-12-01 14:11:15.466"
"0xb1c59fda8fdeaf5192c83c5a78ef16e7e866c902",NULL,"did:privy:clp2xvr3p01chjt0fnj63d6gd",NULL,NULL,True,False,False,9,71,"2023-11-17 19:24:05.978","2023-11-17 19:24:05.978",NULL
"0xb1f35a2eb7d681fa0ec8f29f2cfee64332b7a70a","0xadc73eb8e4673e5fd5a9c709c4379c074991f2d3","did:privy:clp2nsxlt00btia0gn54r1h5k","Okhai Omotuebe","https://talentprotocol-mvp.s3.eu-west-2.amazonaws.com/89e0c9e0e51ca0f18631ae80cfa9b4d8.jpg",True,False,True,9,72,"2023-11-17 19:56:09.291","2023-12-05 21:26:32.206","2023-12-05 21:26:32.203"
"0x0fba43472eaa37e19ad3b3fdb63e43c0e091055d",NULL,"did:privy:clp39skvi01j9jv0fp0gbblme",NULL,NULL,True,False,False,18,73,"2023-11-17 23:47:45.043","2023-11-17 23:47:45.043",NULL
"0x4f6c8f6fe3ebd6bb890fcffbdfc47389582a5402","0xe1e5dcbbc95aabe80e2f9c65c7a2cef85daf61c4","did:privy:clp3dzv8m00ndlb0fgp5r8f0m","lili.eth",NULL,True,False,True,15,74,"2023-11-18 01:45:48.594","2023-12-01 22:59:14.765","2023-12-01 22:59:14.761"
"0xc080f442ffa2e447fe2042f29159a8a57b7a0342",NULL,"did:privy:clp3gedc702ualf0fyctf7zpy",NULL,NULL,True,False,False,18,75,"2023-11-18 02:52:47.299","2023-11-18 02:52:47.299",NULL
"0xc37baf90e52dcc7e67664f8dfcc43f2fbf6fed85",NULL,"did:privy:clp3iw1xi06swjk0fq7yqkb0p",NULL,NULL,True,False,False,15,76,"2023-11-18 04:02:57.762","2023-11-18 04:02:57.762",NULL
"0x5050e4a320aea382687dad70f5604497251a7f74",NULL,"did:privy:clp3kvl5o0169lb0ftc4bdhxq",NULL,NULL,True,False,False,18,77,"2023-11-18 04:58:13.471","2023-11-18 04:58:13.471",NULL
"0xbea55cdb4099b487def8c3b493503cd57f359827","0x6d465d2081b799770d0ce7e755d8db1665903ffb","did:privy:clp3q092v02z4l60fb44vryao","Ariiellus","https://talentprotocol-mvp.s3.eu-west-2.amazonaws.com/898573d20cadc906bcb4c4c97d9799f7.jpg",True,False,True,2,78,"2023-11-18 07:21:34.579","2023-12-01 14:17:53.319","2023-12-01 14:17:53.318"
"0x8f498db9bac8f95e20d71554a16a2c9f70b40335",NULL,"did:privy:clp3r9pk5004wl50f3xx5irbi",NULL,NULL,True,False,False,18,79,"2023-11-18 07:57:10.202","2023-11-18 07:57:10.202",NULL
"0xe60c08edae85aae83e5bb1af2cb7f4325958aa35",NULL,"did:privy:clp3us1uc000yl20fgwn4law8",NULL,NULL,True,False,False,9,80,"2023-11-18 09:36:11.273","2023-11-18 09:36:11.273",NULL
"0xd2d38213eb0c4c710ecd99a5b4a41f176e893265","0xe8efd33bf739900e99b015461ffeeb26e967247c","did:privy:clp431iu700cpl60gx3sd3afi","0xsilkroad","https://cloudflare-ipfs.com/ipfs/QmTjYHB1Kqb4G7oqhQnyarxw7FPpsRSAZoYhW9y6tzBQ42",True,False,True,8,81,"2023-11-18 13:26:30.604","2023-11-30 18:11:58.208","2023-11-30 18:11:58.207"
"0xa3bc3694b0012f47ea0f6e1382ff269c63a74191",NULL,"did:privy:clp2kwbkt001fky0fhf7qujmz",NULL,NULL,True,False,False,9,82,"2023-11-18 14:21:25.475","2023-11-18 14:21:25.475",NULL
"0x28aaa41250de8492e0451655d99f5b845b4c359c","0xfa6b3df826636eb76e23c1ee38180db3b8f60a86","did:privy:clp46bw4h061tkz0fqe1doevg","typeof.eth","https://i.imgur.com/UPqF5Pv.png",True,False,True,20,83,"2023-11-18 14:58:31.603","2023-12-01 14:11:36.927","2023-12-01 14:11:36.926"
"0x299fc92135c697f863069867241e9e16fba6235a","0xed21735dc192dc4eeafd71b4dc023bc53fe4df15","did:privy:clp46z5rg07xmkz0f3kyp35ut","jpfraneto","https://i.imgur.com/iR11hE6.jpg",True,False,True,20,84,"2023-11-18 15:17:16.844","2023-12-01 14:11:29.771","2023-12-01 14:11:29.77"
"0xcc6bc34a4ffb40000f8ca09af1326f4e243403e8","0x6696c831f085db31c7917c203981d25f0e62182d","did:privy:clp2ydnl9001vl50fqnb6xkju","savn","https://i.imgur.com/OXe8L7Z.jpg",True,False,True,20,85,"2023-11-18 15:32:20.102","2023-12-01 14:13:22.79","2023-12-01 14:13:22.789"
"0x8d8c4b6fc0c81bc57bfb3a0fe475e4db28099972","0x0374f0273e01841f594a4c0becdf7bfbd9b13a42","did:privy:clp4bqh59013sid0fdy5zg169","Edgar Barrientos | pumbi.eth","https://talentprotocol-mvp.s3.eu-west-2.amazonaws.com/5e679daf90b831187ef5f142404ff848.png",True,False,True,9,86,"2023-11-18 17:31:51.816","2023-12-01 14:13:36.327","2023-12-01 14:13:36.326"
"0x5ff7c30c025bbd1fa6ff5e2514ec9b7b50e80048","0x6ac5755992f781674853e49c6846bebb89afcbc7","did:privy:clp4brug802snjy0fwc2f1c1o","Özgür","https://talentprotocol-mvp.s3.eu-west-2.amazonaws.com/474404fbbfd02ffca42d1ab2c50b84d8.png",True,False,True,15,87,"2023-11-18 17:32:55.714","2023-12-02 20:11:42.587","2023-12-02 20:11:42.586"
"0xcc4e845aaf9520a1ddfcf51e5f030d8b7380d9c4","0xc3048079040c993818021e955b62102094cd4d03","did:privy:clp4nkwge01o9l10fy1k4hsvd","syed","https://i.imgur.com/miOebWM.gif",True,False,True,20,88,"2023-11-18 23:02:19.157","2023-12-01 14:11:47.663","2023-12-01 14:11:47.662"
"0xa78d9df24955270f5df6f938ac7f170e750b25f4","0xdf5f080826792c23c0bee901b0bf1aa1135b3ab6","did:privy:clp54umi700l3l00f3ebnmkus","consthom","https://i.imgur.com/s7owxmp.jpg",True,False,True,20,89,"2023-11-19 07:05:39.016","2023-12-01 14:11:23.994","2023-12-01 14:11:23.994"
"0xb9b034eda75c5f1c3368de5bba2a4054b694882b",NULL,"did:privy:clp5awwja088zk20fml8f4tkb",NULL,NULL,True,False,False,12,90,"2023-11-19 09:55:38.979","2023-11-19 09:55:38.979",NULL
"0x64bb5d6ba6a5d8adcdd5f5a8c971f0449ce984e8",NULL,"did:privy:clp5bx8ih085ojt0f4ec23h6n","jd10",NULL,True,False,True,20,91,"2023-11-19 10:26:59.087","2023-11-19 10:29:57.421",NULL
"0x7be723b428d593b641f073a79ba472375b20f77f",NULL,"did:privy:clp5c7ck000m8jy0fjjykjanq",NULL,NULL,True,False,False,9,92,"2023-11-19 10:32:12.883","2023-11-19 10:32:12.883",NULL
"0x2322e31dbd287ade5dc19164c4959a7516d25dca",NULL,"did:privy:clp5ebu76060cl80f5lpdl3b8",NULL,NULL,True,False,False,20,93,"2023-11-19 11:37:05.38","2023-11-19 11:37:05.38",NULL
"0x780655b6c5989f093eb1ce157ec15d47e63d7aeb",NULL,"did:privy:clp5ewkbi075ojr0fwokouzuy",NULL,NULL,True,False,False,2,94,"2023-11-19 11:46:26.847","2023-11-19 11:46:26.847",NULL
"0xcb06e91da80d385a3c12d7160c18a031c8bf3537","0x74b78e98093f5b522a7ebdac3b994641ca7c2b20","did:privy:clp5evtfe03stl60f1osfa165","jomessin","https://lh3.googleusercontent.com/ZsCN-JhNV16yzSYZX7jz_v7kfT85pKT-D7mvgc1KZnLCviPS7GRV9NrS6ezhaaumix2gVKgZ5p5Jkfi7Y3VVQ0sSoJzlztUDAy3hhw",True,False,True,20,95,"2023-11-19 11:46:41.837","2023-12-01 14:13:06.846","2023-12-01 14:13:06.845"
"0xdf485b29a6597863ad50c317c9f3a18ea11b820f","0x284fd15311903eea261c4eda9f33dc6075417efa","did:privy:clp5fpylk08y8jk0fdp03eord","jacqueline","https://talentprotocol-mvp.s3.eu-west-2.amazonaws.com/d29aa1224f212cc1659abe9572bbb337.png",True,False,True,9,96,"2023-11-19 12:09:24.895","2023-12-01 14:14:31.029","2023-12-01 14:14:31.028"
"0xfbbe8a8cde71f8c6c5437b1d07c248e2a435d5fb",NULL,"did:privy:clp5hut3409bykv0f7yvy2x63",NULL,NULL,True,False,False,9,97,"2023-11-19 13:09:08.727","2023-11-19 13:09:08.727",NULL
"0xdcec79703cb21897f16bfa78afb7b9b9f2472ad2","0x3cc1a943b27c2af7c6dcf3be0137f66c2f22e712","did:privy:clp5l93100012l20fqaydvc2b","esdotge.eth","https://i.imgur.com/hlCOsOl.jpg",True,False,True,20,98,"2023-11-19 14:45:09.294","2023-12-01 14:14:29.167","2023-12-01 14:14:29.166"
"0x5d14b166358158676cae843477acccc407f8778f","0xac1c4bed1c7c71fd3afde11e2bd4f18d969c843d","did:privy:clp5lffmg00ptlb0f3zu7hch5","Chris","https://talentprotocol-mvp.s3.eu-west-2.amazonaws.com/27d4274ea21748d0323dfa0f1f0d6681",True,False,True,20,99,"2023-11-19 14:48:56.632","2023-12-01 14:17:46.749","2023-12-01 14:17:46.749"
"0x1841eb6236489c0bb52bbc40fbca01ebff1c8c0b",NULL,"did:privy:clp5vl1d003k3jo0fpapfzr12",NULL,NULL,True,False,False,9,100,"2023-11-19 19:33:36.054","2023-11-19 19:33:36.054",NULL
"0x2a81a4dfd5bee34337b67da0f405bd029a18f92e","0x849151d7d0bf1f34b70d5cad5149d28cc2308bf1","did:privy:clp5w5rlq05pgjp0fno0r5w7g","jessepollak.eth","https://i.seadn.io/gae/GFkg_668tE-YxTKPt_XcZdL_xKMQ2CitZKR2L7dJoLoMXH4hUFXHv3Tzes-2hZWiyTEACe6AvutNqBpNbN_WS3b25g?w=500&auto=format",True,False,True,5,101,"2023-11-19 19:49:46.318","2023-12-01 14:17:27.907","2023-12-01 14:17:27.906"
"0x6718d3c9e029358b14565d512474a569a98f6926",NULL,"did:privy:clp66mp0805wcl50fvlisbrl1",NULL,NULL,True,False,False,20,102,"2023-11-20 02:49:12.075","2023-11-20 02:49:12.075",NULL
"0xca15158d6d1f95f5bdd7737d29775ec68a8d5e23",NULL,"did:privy:clp6prag300ncjn0fd4oebbdf",NULL,NULL,True,False,False,9,103,"2023-11-20 09:41:46.266","2023-11-20 09:41:46.266",NULL
"0xab7ca699432a43dcf3deb7477e5f4e24f17c4671",NULL,"did:privy:clp6rv4tn08ipl60fxuxzm5q5",NULL,NULL,True,False,False,10,104,"2023-11-20 10:37:12.182","2023-11-20 10:37:12.182",NULL
"0xa501cdb0d15692eca94d88b0ab24c64c2403d6e7",NULL,"did:privy:clp712r5f01ltjy0fiq51m5mx",NULL,NULL,True,False,False,9,105,"2023-11-20 14:55:21.85","2023-11-20 14:55:21.85",NULL
"0x109a6807e97c0df9fe6dcd12b3a7fbdcc119d487","0x83f9821ef8f66708108df75e8adfdffe8427c3a8","did:privy:clp714c2q02ftjl0fj890anwv","alense","https://statics-polygon-lens.s3.eu-west-1.amazonaws.com/profile/nft-0x83F9821EF8F66708108Df75e8adFdfFe8427C3A8_polygon_0x160519aAE337f89034316450C7504097B091b51B_1.jpg",True,False,True,20,106,"2023-11-20 15:04:48.213","2023-12-01 14:14:13.995","2023-12-01 14:14:13.994"
"0xef1ca5619d6ae512a68ee64220c4d1611c2431cb",NULL,"did:privy:clp74lejs00fjkw0f01yk77jh",NULL,NULL,True,False,False,9,107,"2023-11-20 16:33:41.047","2023-11-20 16:33:41.047",NULL
"0xac988c38afbe9212fa61ebb1bca5b7050b864848",NULL,"did:privy:clp75agob003wl30fnexnblt8","saemi",NULL,True,False,True,5,108,"2023-11-20 16:52:43.367","2023-11-20 16:54:06.006",NULL
"0x391c068c4a031b2b8ec27849a838272c23f2df19",NULL,"did:privy:clp764zx1025vju0f2ewycx64","nloureiro",NULL,True,False,True,6,109,"2023-11-20 17:16:43.295","2023-11-22 18:11:21.394",NULL
"0x954de1bdd3fb84e2ec60248fe88ddbf03566e55e",NULL,"did:privy:clp7h6buq06kel00fy7qplunj","Minina",NULL,True,False,True,22,110,"2023-11-20 22:28:26.319","2023-11-27 22:52:40.297",NULL
"0x2b9c7d0142c28b7774d627b55d28272d17079469","0x11c47bb644cbaa54c7bc651d46b9b399da832171","did:privy:clp7nb8vu0169l20f5eme7x4k","shoni.eth","https://i.imgur.com/Nl7pPxf.jpg",True,False,True,20,111,"2023-11-21 01:17:15.032","2023-11-30 18:11:09.172","2023-11-30 18:11:09.171"
"0x6a3ef8815d4dd92aa81e5c928f905a820f2015e5","0x5d5d1c3179addf4a598818421047ffa622052ef6","did:privy:clp7whcy003abjv0f3ohlojzq","papi","https://i.imgur.com/Y1zKyjo.jpg",True,False,True,20,112,"2023-11-21 05:33:57.277","2023-11-30 18:11:50.4","2023-11-30 18:11:50.399"
"0xcb30f774c41d7dd01ddea5fd91b13d8da93ff6cb","0x7721f140c2968d5c639a9b40a1e6ca48a9b7c41d","did:privy:clp83xg8e03p5l20fyd6p2g4y","Vajresh Balaji","https://talentprotocol-mvp.s3.eu-west-2.amazonaws.com/80b687791aa7a1b1600186c786da733f.jpg",True,False,True,4,113,"2023-11-21 09:02:23.876","2023-12-06 06:41:11.835","2023-12-06 06:41:11.834"
"0xb98357a4db61c18911ad348d38b9ae4ff3c92585",NULL,"did:privy:clp84vypd06wgl20fkpibpudj",NULL,NULL,True,False,False,8,114,"2023-11-21 09:29:28.818","2023-11-21 09:29:28.818",NULL
"0xad2803df09e20b953ede777bb792503e3737d1b6",NULL,"did:privy:clp87ax7s00vyl20fb26da9rf",NULL,NULL,True,False,False,20,115,"2023-11-21 10:37:39.979","2023-11-21 10:37:39.979",NULL
"0x44bdf6def7a03202e1601da2b7b955d598b8249a","0x3855ba9fb185c1ebf9f98334df36786160b23aba","did:privy:clp68s39m01jkl80fp6geyup0","gabicarrillofer","https://cloudflare-ipfs.com/ipfs/bafkreigq6trbdd2y363gtuitc5cyfzjuexyhbo7jhd2ynncfaakpewsbiq",True,False,True,27,116,"2023-11-21 11:10:19.066","2023-11-30 18:11:46.236","2023-11-30 18:11:46.235"
"0xd5ed80981ca2ad4a12ae44e6e9b0e8c30cac0616",NULL,"did:privy:clp88u08h04odju0ftu990pn3",NULL,NULL,True,False,False,20,117,"2023-11-21 11:20:01.168","2023-11-21 11:20:01.168",NULL
"0xb55a72af5be9ce5494181aa5978af8d6225493bb","0xcf03287a85298166522002c97ae4b1556ff026b3","did:privy:clp89foce017cia0fiv11yesr","kesh5210.eth","https://i.imgur.com/47EHVP4.jpg",True,False,True,20,118,"2023-11-21 11:36:34.11","2023-12-01 14:18:05.738","2023-12-01 14:18:05.737"
"0x37ef321d8119fd2741b7732658af75ecc9b7d001",NULL,"did:privy:clp89txj500rkkz0f42evw3jw","chetan_kashetty",NULL,True,False,True,20,119,"2023-11-21 11:47:49.783","2023-11-21 11:52:50.295",NULL
"0x350218043337bf1397af900fe3746667b56eb923","0x7febada1daefda307c6f52f4818de6fe190c5b82","did:privy:clp89upgj0044jl0fwjp8bn70","mustafin","https://i.imgur.com/146jhY1.jpg",True,False,True,20,120,"2023-11-21 11:48:14.912","2023-12-02 09:58:55.944","2023-12-02 09:58:55.929"
"0x0eaa5b119d141f1db2af37f9534b15f4aba9d31e",NULL,"did:privy:clp8ag8av03o7js0f4rg974tq",NULL,NULL,True,False,False,20,121,"2023-11-21 12:05:02.705","2023-11-21 12:05:02.705",NULL
"0x8569e967f4aab92246892cce7e0b41dee7f84305","0x612ed5d2532e9e04036bc0932907a9a8486e09ed","did:privy:clp8bjaq206qil10fuuxhs5uc","dj",NULL,True,False,True,9,122,"2023-11-21 12:35:54.701","2023-11-21 13:48:55.025",NULL
"0x10bea024386bcd09ac0165056f2fb137ed49b341",NULL,"did:privy:clp8c09t805d1jw0fuwnhppcy",NULL,NULL,True,False,False,2,123,"2023-11-21 12:48:53.307","2023-11-21 12:48:53.307",NULL
"0xe52dea699261e225e80cdab1e5c52fb56e387b12",NULL,"did:privy:clp8bj6ud00kdl50fvyyx5745",NULL,NULL,True,False,False,2,124,"2023-11-21 12:51:41.469","2023-11-21 12:51:41.469",NULL
"0x10f0a4f9bc76247a0fdb05e232c5897910db170a",NULL,"did:privy:clp7dohz901xfjs0fkvl1wpzn",NULL,NULL,True,False,False,28,125,"2023-11-21 13:35:46.378","2023-11-21 13:35:46.378",NULL
"0x8e02000e37720a059491039b4862514d8b8da03c",NULL,"did:privy:clp8ecq6q01uile0fvvxy69nv",NULL,NULL,True,False,False,37,126,"2023-11-21 13:54:18.932","2023-11-21 13:54:18.932",NULL
"0xd4898f3b697a58147b62f156aaf8f8a2f6b23089",NULL,"did:privy:clp8euflt006gla0g55inbqee",NULL,NULL,True,False,False,44,127,"2023-11-21 14:07:58.484","2023-11-21 14:07:58.484",NULL
"0xb15599168aed19e0a93557fc1ba421c9bd67305d",NULL,"did:privy:clp8ey11000jyl00fn6rhtr0p",NULL,NULL,True,False,False,46,128,"2023-11-21 14:10:57.78","2023-11-21 14:10:57.78",NULL
"0xcb5c10986b425701b601f0ec205e2b59d5cce55c","0x51b5be9a2df553da112539b913bbbd86a442486a","did:privy:clp45hy9201xql00fgnx501fu","zerowallet.eth",NULL,True,False,True,35,129,"2023-11-21 14:21:08.916","2023-11-27 21:02:41.974",NULL
"0x5030d298d2c55dbced202e9de497932e6574d5db",NULL,"did:privy:clp8g04ya06qxjp0f01hoihjg",NULL,NULL,True,False,False,52,130,"2023-11-21 14:40:33.511","2023-11-21 14:40:33.511",NULL
"0x7ffdfd2a6030f6e7ec0ef2082b2b90153aecf06c",NULL,"did:privy:clp8gcjuj06nzlf0gketmt2mf",NULL,NULL,True,False,False,54,131,"2023-11-21 14:50:02.521","2023-11-21 14:50:02.521",NULL
"0xaabe8e169a71c1541ebd178cca32552559425baf","0x5a4de28b93deeb48f682336f5a91cc43b71964b2","did:privy:clp8gfggp020gjk0fwe6ur3ex","42","https://i.seadn.io/gae/2CSnSBCrvEPl9hjoNJ3_Df5oggSNbBcmt3UWV2fNrGBVHfdxuzC6VHlGuCDty93fkTS6ZTwa-C2M84zIR3Y_gCOlRiLC6m24CCHoTQ?w=500&auto=format",True,False,True,5,132,"2023-11-21 14:52:24.473","2023-12-01 14:10:40.082","2023-12-01 14:10:40.081"
"0x7681df9fe7dbf099d91d583ef90c07f911c54e3d",NULL,"did:privy:clp8gk9t905deld0f2a4zzu40",NULL,NULL,True,False,False,18,133,"2023-11-21 14:56:27.88","2023-11-21 14:56:27.88",NULL
"0xbedd30036dfe9daee888268ff57e155ce9293f05","0xfd139b7259328cabd33d9553290f88eb5a8b2586","did:privy:clp8hykez04t1l70fr2mggz8k","Tocha","https://talentprotocol-mvp.s3.eu-west-2.amazonaws.com/b74105b7518e28f97e0c8643532e0b0a.jpg",True,False,True,9,134,"2023-11-21 15:35:16.983","2023-11-30 18:11:15.41","2023-11-30 18:11:15.408"
"0x689024b3598766258fea8b0a7e254394f36e29bc","0xa4e3d1be71e1ff77ec9eecffa4254631c06b4fc4","did:privy:clp4iejno01reld0fvpbeys4e","surpassinggoogle","https://talentprotocol-mvp.s3.eu-west-2.amazonaws.com/ddc32c7bafc9176a609e5e70929dc55a.png",True,False,True,32,135,"2023-11-21 15:36:59.154","2023-11-30 18:11:17.564","2023-11-30 18:11:17.563"
"0x6c9e753b7239c1864f0c38998f3e0008c7728720",NULL,"did:privy:clp8i3a9z057gl70fq2hlts6a","cortesao",NULL,True,False,True,9,136,"2023-11-21 15:38:51.448","2023-11-21 15:40:49.498",NULL
"0xfffa44afa362a068998682f4f7e899ea6fe5d518",NULL,"did:privy:clp8k12r700vrl30frke359sp","megahack.eth",NULL,True,False,True,53,137,"2023-11-21 16:33:18.902","2023-12-05 10:21:55.3",NULL
"0x40f8ea79edbc05c0b78e934eb5072357b1959511",NULL,"did:privy:clp8pw7k406idjk0iuq6ifpr1",NULL,NULL,True,False,False,5,138,"2023-11-21 19:17:19.938","2023-11-21 19:17:19.938",NULL
"0xcc7664147d33ed7b37585c5a08d831f5c831081a",NULL,"did:privy:clp8q330z05lzjt0f8ykbinxs",NULL,NULL,True,False,False,9,139,"2023-11-21 19:23:24.509","2023-11-21 19:23:24.509",NULL
"0x7eb04567302c0e69a5e8c161f97d152c76bc0c5d","0xebc24dc302c57ab10ea657a16c1e659de0af1bea","did:privy:clp8rfqlu003njq0f2n7wmn8h","kyksachev",NULL,True,False,True,11,140,"2023-11-21 20:00:29.072","2023-11-21 20:03:39.851",NULL
"0x24dd054d3344dc3869120fb9d8bccf82071954e5",NULL,"did:privy:clp8rv90h004bl90fi5rvodd7",NULL,NULL,True,False,False,55,141,"2023-11-21 20:12:36.873","2023-11-21 20:12:36.873",NULL
"0x933289bfcdf574ece3e740cb7e0bc9e30775cdc9",NULL,"did:privy:clp8uysb400s6l70ffqomcw9v",NULL,NULL,True,False,False,57,142,"2023-11-21 21:39:25.333","2023-11-21 21:39:25.333",NULL
"0xec99d26f7d893ecfcc749feb9f8dff777c06f9e3","0x55aed0ce035883626e536254dda2f23a5b5d977f","did:privy:clp8wd9ms018ll60flig2crw1","Ulaş","https://talentprotocol-mvp.s3.eu-west-2.amazonaws.com/80e3401ac65d356f9a3babbc897b6308.png",True,False,True,5,143,"2023-11-21 22:18:47.579","2023-11-30 18:11:21.884","2023-11-30 18:11:21.884"
"0x91cbf3605b2897a9a2ed616597a0b759c6c163be",NULL,"did:privy:clp8zgia4033hju0g6caeh2ij",NULL,NULL,True,False,False,42,144,"2023-11-21 23:47:02.378","2023-11-21 23:47:02.378",NULL
"0xc00e7bc999ff3b27cad416cba93af4823f19eb0a","0x0a251df99a88a20a93876205fb7f5faf2e85a481","did:privy:clp9fsprn02gojp0f86dt5yyh","endman","https://i.imgur.com/lRUFgwK.jpg",True,False,True,30,145,"2023-11-22 07:22:37.101","2023-12-06 10:00:34.989","2023-12-06 10:00:34.988"
"0xcd97932dbefdea1c759dc03c71f20f58712e7918","0x9b559d0808690df5541cf30afd357c0c5c420a92","did:privy:clp9izxsb0862jm0fr1l40hjj","Arsenii Pechenkin","https://talentprotocol-mvp.s3.eu-west-2.amazonaws.com/61e710edb05a2d9c1a11892062cb3bdd.png",True,False,True,9,146,"2023-11-22 08:55:56.399","2023-11-30 18:11:23.85","2023-11-30 18:11:23.85"
"0x20ba7204c165cba4d717b65509860f2ca72bce31",NULL,"did:privy:clp9l7wfy06yijw0frz6ngrnz",NULL,NULL,True,False,False,17,147,"2023-11-22 09:54:14.98","2023-11-22 09:54:14.98",NULL
"0xf46b3187779df2636ce268d8c45cd2c219eed96c","0xfcf700ed2d78c732b725ebab8ca3ad37ee6c4f24","did:privy:clp9mqjq107r8jy0fjc6xo89e","Elio Jordan Lopes","https://talentprotocol-mvp.s3.eu-west-2.amazonaws.com/d05a48a49f389a6a72511c7237f49c76.png",True,False,True,9,148,"2023-11-22 10:36:39.131","2023-11-30 18:11:35.668","2023-11-30 18:11:35.667"
"0xb19684009506173d0e5222833524ff2a83c0a06f",NULL,"did:privy:clp9o3jm100bkl50f2z5wiw8l",NULL,NULL,True,False,False,9,149,"2023-11-22 11:14:54.055","2023-11-22 11:14:54.055",NULL
"0x4766c06b4dd3fc22273773682d6026c5b8fabefa",NULL,"did:privy:clp2wczad00all20fac75ubzj",NULL,NULL,True,False,False,39,150,"2023-11-22 14:52:26.384","2023-11-22 14:52:26.384",NULL
"0x2bdcc396e6ae53572b507b15dbc7face3ee7b7a3","0xbe40dcadb6bf4de1c7810eca3504e5f3bea9cf35","did:privy:clp9zzg5u09eel80f618tq4gd","albiverse","https://i.imgur.com/wM5NTdb.jpg",True,False,True,12,151,"2023-11-22 16:47:39.68","2023-12-01 14:09:49.914","2023-12-01 14:09:49.913"
"0xa902a84ca0f91c87703c4bb0dab88dd6e37393fa",NULL,"did:privy:clpa7uz5u0027jx0fk2xecm5o",NULL,NULL,True,False,False,51,152,"2023-11-22 20:28:47.342","2023-11-22 20:28:47.342",NULL
"0x8793dcd54cea29ef18f076ef9fe6ab2555567ca3",NULL,"did:privy:clp4cmqnw04mfl60f5fqba569",NULL,NULL,True,False,False,78,153,"2023-11-22 20:53:30.654","2023-11-22 20:53:30.654",NULL
"0xa013d3b8573e5b53781b46133b42e0f9e096b8d2",NULL,"did:privy:clpae68p500zdjt0fcyzkwaur",NULL,NULL,True,False,False,18,154,"2023-11-22 23:25:21.609","2023-11-22 23:25:21.609",NULL
"0x5d29e876692018e99fbe29e1bfc36896a1a5af35",NULL,"did:privy:clpam9mw407gpl60fd2amx334",NULL,NULL,True,False,False,65,155,"2023-11-23 03:12:25.207","2023-11-23 03:12:25.207",NULL
"0x3aebf5e0060acebc3f2da08d79f7b78fc6b6a300","0xdcced5665eec9f16dcc61fc94ae39f1bb6ed8f38","did:privy:clpar0zn401qmjt0fgawnep11","kadaboom","https://talentprotocol-mvp.s3.eu-west-2.amazonaws.com/28687330d98a26c21f1a2cf135f2f04a.jpg",True,False,True,110,156,"2023-11-23 05:24:36.319","2023-11-30 18:12:52.212","2023-11-30 18:12:52.211"
"0x4795de6c4ad7a0305e71e4cca7c53a537988ea8f",NULL,"did:privy:clpavolrw00ztlc0fq79157rw",NULL,NULL,True,False,False,80,157,"2023-11-23 07:36:07.409","2023-11-23 07:36:07.409",NULL
"0x838b111b52c5f2a581f7476a91f43291d9f02b4c",NULL,"did:privy:clpb0kgb905j7l10fe0j8vcjp",NULL,NULL,True,False,False,43,158,"2023-11-23 09:51:39.688","2023-11-23 09:51:39.688",NULL
"0x661a8ba84b035edab32f2076c5ddbe2752256a2a",NULL,"did:privy:clpb1jyn5064wlc0fzc0jug6j","lambroTestdontbuy",NULL,True,False,True,77,159,"2023-11-23 10:19:20.412","2023-11-23 10:22:48.774",NULL
"0x09d240543955a0c0cee189d1a06eb1c0ab0e6939","0x9addd91874b08f6856bf6b4a2263665d2bc0d933","did:privy:clpb8um8909n1l80foixzcxs5","bfg","https://i.imgur.com/p8EqaSm.jpg",True,False,True,36,160,"2023-11-23 13:43:34.777","2023-12-01 14:10:37.139","2023-12-01 14:10:37.138"
"0xd8f114496c2605b832e98e4e414a509db4f8797f","0x8ab1760889f26cbbf33a75fd2cf1696bfccdc9e6","did:privy:clpb90b4601l5l10frw2ga47m","dhadrien.eth","https://i.seadn.io/gae/xvgru4Kdc6cDiHTTl1fKb4wnBrovrln2sDTDN2ODWQ6V3MLUrLzGa1en91J65kiob90nQ68zq2lILY93hcq9OoZu1Z9LSin7RDnoMFM?w=500&auto=format",True,False,True,12,161,"2023-11-23 13:48:12.492","2023-11-30 18:12:33.67","2023-11-30 18:12:33.669"
"0x97e374e959fa3a7e726b03a1cd777b640fad806e",NULL,"did:privy:clpcmmrbx07lojx0fwu6qv62v","Jaski",NULL,True,False,True,74,162,"2023-11-24 12:57:07.728","2023-11-29 13:40:35.703",NULL
"0x4e78322d63e47842a173dd20df0fc5a0a279cebc","0x505e20c0fb8252ca7ac21d54d5432eccd4f2d076","did:privy:clpcr5s7a00bpl20frjjol06u","vadim","https://cloudflare-ipfs.com/ipfs/bafkreighvnthygwkeyaxndfzj7udrh7mgi5ossr7q45irf2vof4dcb456e",True,False,True,50,163,"2023-11-24 15:03:45.565","2023-12-01 14:07:25.628","2023-12-01 14:07:25.627"
"0x2ce85db2b8207bcc603d92d107c6ea925f6d414d","0xe6156d93fba1f2387fce5f50f1bb45ef51ed5f2b","did:privy:clpd11d66002cjp0fx8doyyki","raho","https://i.imgur.com/vLcQ9nP.jpg",True,False,True,72,164,"2023-11-24 19:40:39.008","2023-12-01 14:17:58.983","2023-12-01 14:17:58.982"
"0x08b09ab27075932ed4613ca72ff7a3c99726c0b9","0xdc0b62fd77e84ea91642699e302a140aa290a60b","did:privy:clpdawc530369l60fgchn7rj3","0xsilas","https://cloudflare-ipfs.com/ipfs/Qmdz8FPDBg71U15gJ8kPCQyzB4k3dJsT7ctyRUxgux3fV5",True,False,True,192,165,"2023-11-25 00:16:21.095","2023-11-30 18:13:54.732","2023-11-30 18:13:54.731"
"0x462b5717cde909b4b4d5f05aaf8a66aa2e9bf94e",NULL,"did:privy:clpdqtn9e005cl10f87qf8qx6",NULL,NULL,True,False,False,174,166,"2023-11-25 07:42:57.015","2023-11-25 07:42:57.015",NULL
"0xa540ccbcb0556c82b85cd5b42543b2b8063e4e02","0x40dfc01435b319d7bff4b8aac7970ec75d82660a","did:privy:clpdsmqmy07tll80f7bhpajf5","johnbayode","https://i.seadn.io/gcs/files/bda2ceb60a0735b953a40f281f8d3139.png?w=500&auto=format",True,False,True,20,167,"2023-11-25 08:33:29.628","2023-11-30 18:13:09.992","2023-11-30 18:13:09.991"
"0xde28d78002f453e66d687f24c5a81e128c963ac3","0x3601a913fd3466f30f5abb978e484d1b37ce995d","did:privy:clpdt1n8209b8l80fghmclihw","thatalexpalmer.eth","https://i.seadn.io/gcs/files/368ad79a53ff4d046a28e18939dddc18.jpg?w=500&auto=format",True,False,True,20,168,"2023-11-25 08:44:54.262","2023-12-01 12:52:43.686","2023-12-01 12:52:43.685"
"0x0b1711abee14e72b8fc4ba93129f3b03b988ec7f","0xd3eed816848697ce297b6c82c89cd4c483e9c6cf","did:privy:clpdrm1gh03sul80f6vzntflu","soda","https://i.imgur.com/OSrZjBp.jpg",True,False,True,20,169,"2023-11-25 08:52:36.85","2023-11-30 18:12:55.697","2023-11-30 18:12:55.696"
"0xdc0ec1974f18ec190d67c0bda9438af0f505179c","0x97de69df2ecde54a4c0021e0b8b095aeb143bda6","did:privy:clpdu4e94068mjm0f8r6yz3x7","chivnt","https://i.imgur.com/iJvMhCt.jpg",True,False,True,20,170,"2023-11-25 09:14:38.78","2023-11-30 18:12:13.913","2023-11-30 18:12:13.912"
"0xbdc0ae49c49dfa158c9eecec4588e57143a7faef","0x98a9b1596f1837eb20669edd4409fdfb02ffadf0","did:privy:clpdu4szq065dl90fafhxe3ot","ivc","https://talentprotocol-mvp.s3.eu-west-2.amazonaws.com/28686eca8ad3c8fcf778a668499ae8a5.jpg",True,False,True,141,171,"2023-11-25 09:17:07.732","2023-12-02 11:37:20.267","2023-12-02 11:37:20.263"
"0xb1cb763b1afdf125abadf26471d72be530056ffb","0x011bf83d4880418d1d23f04640e72b0125b8fbd8","did:privy:clpdvv3tg04c3jh0fqjg7odmb","cypherpunk21.eth","https://i.seadn.io/gae/WkUJSpkZS2ZxtDdPDI8SSB6k_8Y9iCyE4kCziBvlQ5k_HWXPfi1yTT-8HnvLxyTxMpBxlzy1VNsFjVIJQMKNB3u7qw31n6AO64Lv0A?w=500&auto=format",True,False,True,20,172,"2023-11-25 10:08:28.477","2023-11-30 18:12:16.962","2023-11-30 18:12:16.961"
"0xddb87a00712ab6bc2dc267b2f0ae66565e931aff",NULL,"did:privy:clpdy7t3v04pkl50fqj364kix",NULL,NULL,True,False,False,23,173,"2023-11-25 11:09:30.677","2023-11-25 11:09:30.677",NULL
"0xf317bc8ad3f076375e13ff69230ffb267e744b88","0xee324c588cef1bf1c1360883e4318834af66366d","did:privy:clpe79irq01m8if0fphcrwrod","timdaub.eth","https://openseauserdata.com/files/78d14379f8a84f6dddb48b58c8809849.svg",True,False,True,20,174,"2023-11-25 15:22:25.518","2023-11-30 18:14:04.077","2023-11-30 18:14:04.076"
"0xa4c2536adc330b3def67e084edbaa25f288c2285",NULL,"did:privy:clpe82u5404geif0fm45wg5hk",NULL,NULL,True,False,False,20,175,"2023-11-25 15:53:26.61","2023-11-25 15:53:26.61",NULL
"0x7f5d8cfca37ce244e64e2711eeeda59c538331f6","0xe95330d7cdcd37bf0ad875c29e2a2871fefa3de8","did:privy:clpe9he9k018jjp0g891hk63s","0xshugo","https://i.imgur.com/oB36V82.png",True,False,True,191,176,"2023-11-25 16:24:31.635","2023-12-02 17:56:17.829","2023-12-02 17:56:17.817"
"0x18a7f7a94b4b482b2a47a8aea8aa63939c9ce8d9",NULL,"did:privy:clpebovxs00k2lb0gmdxwmbv5",NULL,NULL,True,False,False,191,177,"2023-11-25 17:28:21.272","2023-11-25 17:28:21.272",NULL
"0xe8e9ee2b83470fe08f944a5012400d7322bc91e4","0x99794bd070d7e6ebd3a991f08cf1fe7dc5732a13","did:privy:clpeezftc06khl90f1mk8io9a","Courinha","https://talentprotocol-mvp.s3.eu-west-2.amazonaws.com/06b9fbeee81fe0c3a5eeaf6c74a16e7f.jpg",True,False,True,5,178,"2023-11-25 18:59:06.381","2023-11-30 18:13:11.776","2023-11-30 18:13:11.774"
"0xbbd4698a5374d2609e4544ac6586871532d473b4",NULL,"did:privy:clpefx8zi01q4l50ffnfmpjck",NULL,NULL,True,False,False,8,179,"2023-11-25 19:34:32.713","2023-11-25 19:34:32.713",NULL
"0xdbe329ff6f070419e1e6be5ba847cb752526c230",NULL,"did:privy:clp48skvl01xajt0fmi06ui94",NULL,NULL,True,False,False,8,180,"2023-11-25 19:52:52.616","2023-11-25 19:52:52.616",NULL
"0xb5ae45b943b5971ac53491d285fabe7245a49b9a",NULL,"did:privy:clpeigzyn06rxl60f0xrm0k9t","Anna",NULL,True,False,True,5,181,"2023-11-25 20:36:09.898","2023-11-27 21:43:39.244",NULL
"0x61cedaa3b383ed6063742ed673bf501212ba9f16",NULL,"did:privy:clpeo8rlm02sdl50g5zbn1s2j",NULL,NULL,True,False,False,5,182,"2023-11-25 23:40:31.83","2023-11-25 23:40:31.83",NULL
"0x23c8acd3862e0dadd2f52e770e4e768a381caaeb",NULL,"did:privy:clpdb69m904mol00fp9mowq04",NULL,NULL,True,False,False,14,183,"2023-11-25 23:48:39.102","2023-11-25 23:52:08.235",NULL
"0x9286fc2de0b21e45e039f2a1caafc0ef42ad7b4a","0x8c702a9a6e0cd14a53251c630743c4f5327edde8","did:privy:clpewxram071tlf0g4r3t67mf","Calman's Club","https://talentprotocol-mvp.s3.eu-west-2.amazonaws.com/d1695415a5925f82287173b81336909e.png",True,False,True,191,184,"2023-11-26 03:21:21.24","2023-11-30 18:13:52.881","2023-11-30 18:13:52.88"
"0xcaaa64989c1a68e97252e96898af0d8401ff0db7","0xcb29e84d4958aaf95abf523c6d61991d110410e9","did:privy:clpe5vkmz07ywjs0f5oahvteh","Alain Godefroy","https://talentprotocol-mvp.s3.eu-west-2.amazonaws.com/15ec732d08a2d474ce33ef028bff22e5",True,False,True,197,185,"2023-11-26 08:15:56.818","2023-12-01 14:07:07.205","2023-12-01 14:07:07.204"
"0xd460833aa202722fb96c35bae73da05a9e3aadac",NULL,"did:privy:clpff70b600ovju0frpq51q4n",NULL,NULL,True,False,False,2,186,"2023-11-26 11:53:43.558","2023-11-26 11:53:43.558",NULL
"0x41be57e1df25f3a35ab45668fc623d4b8123c846","0x7c9728736f4299e43545c7df677026d0b3d909fe","did:privy:clpflz7xk04xvl40fzs030veg","tf","https://talentprotocol-mvp.s3.eu-west-2.amazonaws.com/e6358a53f7878b08be0b3b64eabdbdc4.jpg",True,False,True,20,187,"2023-11-26 15:02:24.616","2023-12-01 09:56:13.771","2023-12-01 09:56:13.757"
"0x63fa82e256b3cb8f739bddcdbff499e94c1d84a0",NULL,"did:privy:clpfn2wdh01k9l50fupy9xsng","pamir",NULL,True,False,True,9,188,"2023-11-26 15:32:52","2023-11-26 22:03:39.151",NULL
"0x96eac272f32cfa552545c01585c26cf8702fb586","0x54c3044d60bbf07ab9b0aee139c832c888f6a58e","did:privy:clpfnmv0c09lel40f7n86xjra","shmoji.eth",NULL,True,False,True,154,189,"2023-11-26 15:48:27.298","2023-12-02 00:05:21.771","2023-12-02 00:05:21.768"
"0xb2e0049779738eb6af2c5c209a9ca212e9f88d33","0xcfedd5b3aae8a2c0eb6cd94d547d971092c95029","did:privy:clpfp8e69004njs0fr6iszuz2","DanIsNearby","https://talentprotocol-mvp.s3.eu-west-2.amazonaws.com/721337ccfc4910cbf1831c2126d3fd0c.png",True,False,True,5,190,"2023-11-26 16:33:19.59","2023-12-01 14:18:24.404","2023-12-01 14:18:24.403"
"0xc7a993b9bb0b9248896e5476c5d535755c15d66b","0x49e53fb3d5bf1532febad88a1979e33a94844d1d","did:privy:clpfqdglm00ydjt0ffo67k4q6","scriptmoney","https://cloudflare-ipfs.com/ipfs/QmUez7X6k2mcXaDzDAyNFR8ezZTUGDCbiazZUnF3BrPnwY",True,False,True,191,191,"2023-11-26 17:05:20.682","2023-12-01 14:07:33.989","2023-12-01 14:07:33.988"
"0x42b53c6e6b52ae2564997f094c31c06c967498a8","0x84e1056ed1b76fb03b43e924ef98833dba394b2b","did:privy:clpfx2iab04a2lg0fn6xawslc","Nico Gallardo","https://talentprotocol-mvp.s3.eu-west-2.amazonaws.com/81a6e8a61a10607d75bfea6f70f2fb0a.png",True,False,True,12,192,"2023-11-26 20:12:46.801","2023-12-01 14:08:35.597","2023-12-01 14:08:35.596"
"0x0145363309bf7b14ed3bcbbbf44cd3b54e1f45c3",NULL,"did:privy:clpcfflrs00lfky0frmkimy0g","alsy",NULL,True,False,True,20,193,"2023-11-27 06:48:33.325","2023-11-30 02:24:38.805",NULL
"0x1221722281386dbeb3119261f8e1c3e72101ace2",NULL,"did:privy:clpgli1gc09s5l70fihhx19bf",NULL,NULL,True,False,False,15,194,"2023-11-27 07:37:07.477","2023-11-27 07:37:07.477",NULL
"0xb22af7dd648fb77ae92e862dad9b90d1977ffb02",NULL,"did:privy:clph1nngd0580ku0fklkg41r4",NULL,NULL,True,False,False,9,195,"2023-11-27 15:08:45.321","2023-11-27 15:08:45.321",NULL
"0xab71459ec1f597af7acc966fc484eb4e80cb0442",NULL,"did:privy:clph22ddw04gcl60fdtnkbtve",NULL,NULL,True,False,False,5,196,"2023-11-27 15:20:11.321","2023-11-27 15:20:11.321",NULL
"0xd224584bcba9854bb8f52a5a00fb6e1190c2b8dd",NULL,"did:privy:clph3niae00b7l40fg52fni4w",NULL,NULL,True,False,False,5,197,"2023-11-27 16:04:34.357","2023-11-27 16:04:34.357",NULL
"0x8289af854ace6bb010c920cad05dfe95ab75e0ab",NULL,"did:privy:clph3pk7d021zl20fqk6vqnh8","dcf",NULL,True,False,True,191,198,"2023-11-27 16:06:09.529","2023-11-27 16:17:40.493",NULL
"0xeb3fb25f3c13ceec677d82c0aa8d8b42aeb9149a",NULL,"did:privy:clph777ru00u3jp0fdhpcjjqc",NULL,NULL,True,False,False,191,199,"2023-11-27 17:44:04.753","2023-11-27 17:44:04.753",NULL
"0x9671e37519afeb93b3bb0d2092fed1c67d6904e6","0x4ed2b3c68bb4fda084ce1591a210f4ac8b71234a","did:privy:clphb4ahl002xl70fm8tyr4ge","Timofey Kotov","https://talentprotocol-mvp.s3.eu-west-2.amazonaws.com/9875c6858d0a5abb73ec63311a79392b.jpeg",True,False,True,5,200,"2023-11-27 19:33:38.883","2023-12-01 14:07:31.928","2023-12-01 14:07:31.927"
"0x04d8678d6f35a106a335299c63a31e0fab8a0c00",NULL,"did:privy:clphcwamh03orjs0fwuily1e8","Karim",NULL,True,False,True,5,201,"2023-11-27 20:23:22.563","2023-11-27 22:27:54.618",NULL
"0x784fb385a9bf7006e6ed01fc44f160e4da477a66",NULL,"did:privy:clphgs70b01pcl30fpxx7zoix","regenrene",NULL,True,False,True,9,202,"2023-11-27 22:12:07.153","2023-11-29 09:05:26.679",NULL
"0xc96e70d80a572b2a048a43970d5d0b437ff350f4",NULL,"did:privy:clphhiouc007ajp0fl3u5vm5f",NULL,NULL,True,False,False,191,203,"2023-11-27 22:32:49.937","2023-11-27 22:32:49.937",NULL
"0xf32c680a9279acde9509fad7ecdeacb510311ccc",NULL,"did:privy:clphm9wde01a5jv0fhmownkgt","mera_takeru",NULL,True,False,True,191,204,"2023-11-28 00:45:56.101","2023-11-28 02:24:00.344",NULL
"0x43a2d266f78a1fea2a368a843b23e40d172e51ce",NULL,"did:privy:clpho6a2p00vvk20f1ywu5dbu","Sleepy0x13",NULL,True,False,True,191,205,"2023-11-28 01:39:45.567","2023-11-28 01:44:16.273",NULL
"0x4effc299cb515917f77f1565e1fa3a8cfe62dbb0","0x48db3b420099051448676815f9c406fcae6d5562","did:privy:clphy6obp02jylc0ft6yqim9g","Si Jia","https://talentprotocol-mvp.s3.eu-west-2.amazonaws.com/a1554f77c5b43e11397d0810dc44d70a.png",True,False,True,5,206,"2023-11-28 06:19:36.488","2023-12-01 14:18:31.562","2023-12-01 14:18:31.562"
"0x44fbd6a9fdb784924713cb5819c3fe0db0965ae1",NULL,"did:privy:clpi5dsgk002ajr0frvvcyc9h",NULL,NULL,True,False,False,5,207,"2023-11-28 09:41:03.316","2023-11-28 09:41:03.316",NULL
"0x557b4e7781070c505e693a2bfed556666309865f",NULL,"did:privy:clpi8jyrx00kujw0f1gz7erw4",NULL,NULL,True,False,False,7,208,"2023-11-28 11:09:32.087","2023-11-28 11:09:32.087",NULL
"0x5830b04c8188d191b3b815a1835183807ac5d163",NULL,"did:privy:clp62lhlh0ekhl30ffy8zwbwu",NULL,NULL,True,False,False,73,209,"2023-11-28 11:12:56.654","2023-11-28 11:12:56.654",NULL
"0x84ef07c0b60409eb5821701ade4067aba3d1b4fa","0x0553b35743639be26870cee5a1fd2bec457878d6","did:privy:clpi9b56z05ljl90fukqdrjwa","hellokpl","https://cloudflare-ipfs.com/ipfs/QmRLQVhFRy9sacdKdSrWrTGGDRZdG48jnv8sZVn6rZVe2K",True,False,True,5,210,"2023-11-28 11:30:41.326","2023-12-01 14:18:27.748","2023-12-01 14:18:27.747"
"0x302778de8cd43650c3be950b8358d715ed13553c","0x631088af5a770bee50ffa7dd5dc18994616dc1ff","did:privy:clp3jhubq015nl40fm868m4xq","Dayitva Goel","https://talentprotocol-mvp.s3.eu-west-2.amazonaws.com/bf830218f2da26f15e8ac00dc5bd9fdf",True,False,True,136,211,"2023-11-28 15:22:40.73","2023-11-30 18:11:12.803","2023-11-30 18:11:12.802"
"0xc973e8b38e7627d53984b2167b1c5069e4cb8326",NULL,"did:privy:clphmui6p024hjv0fnahogpk5","DangerWillRobin",NULL,True,False,True,5,212,"2023-11-28 15:37:14.32","2023-11-28 16:16:34.81",NULL
"0x6d7c2a18234a4d416d71345fc897fa1cc568713f",NULL,"did:privy:clpijlh7x02tujs0fptwqqynp",NULL,NULL,True,False,False,5,213,"2023-11-28 16:18:59.422","2023-11-28 16:18:59.422",NULL
"0x70505c91bcbbe0557ebd05d26d5ff32c7c3ab3f8","0x0000ce08fa224696a819877070bf378e8b131acf","did:privy:clpil93ij025bjr0fk23bgjy4","0000ce0","https://cloudflare-ipfs.com/ipfs/bafybeiaosnttuwtnxguxp5wey7azplub25o2lwlilpwyzzasox75odxhpu",True,False,True,31,214,"2023-11-28 17:05:07.918","2023-12-01 14:18:40.151","2023-12-01 14:18:40.15"
"0x1b3b6ab95172d1772b5b5918965a89e711d20f09",NULL,"did:privy:clpilxpcs03v4jr0fe1lfwkga",NULL,NULL,True,False,False,191,215,"2023-11-28 17:24:13.879","2023-11-28 17:24:13.879",NULL
"0xa05f5e889b1033b2ba9a77aa6e4f72300805442f",NULL,"did:privy:clpimbo76012hl50frfh72twa",NULL,NULL,True,False,False,90,216,"2023-11-28 17:35:18.396","2023-11-28 17:35:18.396",NULL
"0x65e4153dad93ecab1b56e9468714f8372308181a","0x7e07064e5a921a57eb29c22f179b20513e8a3485","did:privy:clpimcxuh021sjy0fig933285","annoushka.eth","https://i.imgur.com/BkV3LHY.jpg",True,False,True,5,217,"2023-11-28 17:36:10.479","2023-11-30 18:11:50.67","2023-11-30 18:11:50.669"
"0xef6d0d7b0b22542e9e15c80fa9a143ecd332fe2d",NULL,"did:privy:clpims6180085la0gorjvlkzx",NULL,NULL,True,False,False,426,218,"2023-11-28 17:47:50.402","2023-11-28 17:47:50.402",NULL
"0x9f33c949c55ca942f805ceb349c9acaf819edd2e",NULL,"did:privy:clpixp5uj006di40fb4139bj8",NULL,NULL,True,False,False,175,219,"2023-11-28 22:53:33.633","2023-11-28 22:53:33.633",NULL
"0x353010872e0cd8215f260abd87095016ca46d39a",NULL,"did:privy:clpja2v2p044dkw0f09s1mp83","friendlyjameson",NULL,True,False,True,191,220,"2023-11-29 04:40:03.016","2023-11-29 04:58:51.336",NULL
"0x045506e044e3e6fb9164d91d13ba5ee54073106b",NULL,"did:privy:clpfivtlb07llku0fnosvqidv",NULL,NULL,True,False,False,9,221,"2023-11-29 09:30:08.709","2023-11-29 09:30:08.709",NULL
"0xe8e8941ba571bf1895471cf84f1fa6463a89d65d",NULL,"did:privy:clpjmcls500wjl10frfvqcqnp","jsa",NULL,True,False,True,173,222,"2023-11-29 10:24:37.03","2023-11-29 10:31:00.147",NULL
"0x4235c92b90d3a29a7253f989cd346810e4a56faa","0x2fbea2829b51ff4c5f202beae970075847baaba4","did:privy:clpjoerwg0046l60fop9xlzil","artful.eth","https://lh3.googleusercontent.com/kJnFW3EvgEU4xro_FWYiKYUlbgpwuc-BH0iqeBtP2V7pEcqWNy9B5ykeG0Z0OQSN4q4WD9tLba1u7U583TlSeSFTQupRwvvtsq3b",True,False,True,5,223,"2023-11-29 11:21:13.329","2023-11-30 18:12:00.512","2023-11-30 18:12:00.512"
"0xcfbdb95f9dcc736c9a14adf2dbb52bfd5adee0b1",NULL,"did:privy:clozqdobu016zl90f4mtxeli0",NULL,NULL,True,False,False,5,224,"2023-11-29 12:34:46.282","2023-11-29 12:34:46.282",NULL
"0x7ff5b756005cb1e7fcd133f68ed7896276c0e6e1",NULL,"did:privy:clpjr2u1v0056l50fwvk5m7n6",NULL,NULL,True,False,False,5,225,"2023-11-29 12:35:57.753","2023-11-29 12:35:57.753",NULL
"0x452323bb193d5d65b496d6926414cb6b58f3e9a6","0x81ecf3e1e34796eacc1a1fd78645457c81125c6f","did:privy:clpeesvqh064nl90fegr5pdhw","isabella de brito","https://talentprotocol-mvp.s3.eu-west-2.amazonaws.com/f928bd7b966ec6488e283249ef63c6a0.jpeg",True,False,True,9,226,"2023-11-29 12:37:33.567","2023-11-30 18:11:25.625","2023-11-30 18:11:25.624"
"0xb0cd9d491795bae0edce88de953bc7571f10001f",NULL,"did:privy:clpjmukfw002nl60fg4udktp6",NULL,NULL,True,False,False,9,227,"2023-11-29 12:47:53.632","2023-11-29 12:47:53.632",NULL
"0xfad5feee6c4e40bab2e3c974f3a875dcbc575712","0x7ea1bb15c6d91827a37697c75b2eeee930c0c188","did:privy:clpjtrvk000jtl00fid5901ux","jeanayala","https://i.imgur.com/AlqpPkC.jpg",True,False,True,331,228,"2023-11-29 13:51:50.729","2023-12-01 14:18:43.903","2023-12-01 14:18:43.902"
"0xa9c378db4ff5c25198e1c192bb0f29e7b5a3474e",NULL,"did:privy:clpid74t707tujv0fahb691h7","iamnicki.eth",NULL,True,False,True,200,229,"2023-11-29 14:58:09.232","2023-11-29 15:13:29.576",NULL
"0x0a9b39a665652817d91bc88ba5afb08803172592",NULL,"did:privy:clpk12yyi00w6l30ggfogjww7","catesadilla",NULL,True,False,True,9,230,"2023-11-29 17:15:57.851","2023-11-30 09:14:13.759",NULL
"0x561f449297ff15178e9ddc9aea0ff1aded9f89f3",NULL,"did:privy:clpk4indd00kjla0f20svbeqo","amir",NULL,True,False,True,5,231,"2023-11-29 18:52:50.496","2023-11-29 20:59:07.256",NULL
"0x6f82ed731606355f233a15089bc383ce248f8061",NULL,"did:privy:clpk5cjel009kl20g01z19nav","Patches",NULL,True,False,True,5,232,"2023-11-29 19:15:23.584","2023-11-29 19:18:13.552",NULL
"0x043a0eeb19b35e81326d20b8b37708b6109d62a4",NULL,"did:privy:clpkd0f3j006yl90f9qa8yrlc",NULL,NULL,True,False,False,9,233,"2023-11-29 22:50:00.884","2023-11-29 22:50:00.884",NULL
"0x6d139728f7bd7f1a9223486003eb082c73456ae9","0xfca4eba910af5627d345c79cfb5c4ee7b99bd70d","did:privy:clpks64b8002hjn0galsbomtk","AmberBella",NULL,True,False,True,191,234,"2023-11-30 05:54:14.174","2023-11-30 05:59:30.815",NULL
"0xaf44527dca7aae78dac653b2679bf875ae744fdb","0x6df371a2f66fe82ad19bf56b8d66d3ed3bbdae28","did:privy:clpkwbvca001il30f6pmm5tpe","avseenko_life","https://cloudflare-ipfs.com/ipfs/bafybeigccm6fjkkngaqwjxuivqmjovvqdqinqpw55l6fph6fj3tgusaakq",True,False,True,390,235,"2023-11-30 07:50:37.604","2023-11-30 18:12:07.308","2023-11-30 18:12:07.307"
"0x988672c34f778f5e55f226f2605e1260d3671da3",NULL,"did:privy:clpl0erxh00jjl10gbqqn9fyi",NULL,NULL,True,False,False,349,236,"2023-11-30 09:54:28.124","2023-11-30 09:54:28.124",NULL
"0xa7d971fff24ff69fa4fea43a30f453758a35ba28","0x57efcc7607cd2da49d73e8f9c88ed114cbdc5cf7","did:privy:clplladfo00jela0fznjn8y7p","alexyao","https://lh3.googleusercontent.com/q42v_OII2FJUSp0qNab-jyiQ6fnN6oT5UZ4jNH55hNN4IifDkLyH1RrCH-BGLo3ArpRYBeik89vx2HbAl2COJm-CUwZuVYINKYDMIg",True,False,True,5,237,"2023-11-30 19:29:46.614","2023-12-01 18:55:25.362","2023-12-01 18:55:25.361"
"0x5b13ae845b07e4039068afbfda51743dbd911553","0x9a9eba142e77e5d0cea9516dc32a4968e5bd4fa8","did:privy:clplkhs3f00t6le0fywrjk2ic","violetverse","https://cloudflare-ipfs.com/ipfs/bafkreig2gxgqtwnfdz7k3rljanqjit7jxxui4fr37dglqv7zmc2kchw6ne",True,False,True,5,238,"2023-11-30 19:31:05.075","2023-12-03 00:33:45.416","2023-12-03 00:33:45.415"
"0x4c2504ed509f112f7418873b6b2e44994b84d47d",NULL,"did:privy:clplmzcvq00gnkz0fem9ugn43",NULL,NULL,True,False,False,5,239,"2023-11-30 20:17:08.533","2023-11-30 20:17:08.533",NULL
"0x820e2f7f6eade349f09cc19199862046a0a7f9f8","0xa6583617bab73f18d1db30a5aa4ebe4da4af581b","did:privy:clplpjan8000zl80fqm5qrqel","zelda","https://talentprotocol-mvp.s3.eu-west-2.amazonaws.com/f998eec0f41d824c8d08ed1807d22e7f.jpg",True,False,True,20,240,"2023-11-30 21:30:01.32","2023-11-30 21:43:34.274","2023-11-30 21:43:34.271"
"0x64d3ef7ecb6af074fcce8a6417a9f91ff31aa8df",NULL,"did:privy:clplptjrk00g5jr0f772yabfp",NULL,NULL,True,False,False,5,241,"2023-11-30 21:38:39.998","2023-11-30 21:38:39.998",NULL
"0x822a390cebed478f3c86654b8922ab980376fe55","0x0bb602f88bf886282ff69d4cec937cc2a7d9e19a","did:privy:clpltm8y80037jx0ftgzynyyx","k41r0n","https://i.imgur.com/mljBglp.jpg",True,False,True,12,242,"2023-11-30 23:22:37.756","2023-11-30 23:32:49.389","2023-11-30 23:32:49.388"
"0xf6c2dbfd65497b80f9523c75863e97840534f717",NULL,"did:privy:clpm3pet1003vk00fuhs98hjz","angel",NULL,True,False,True,5,243,"2023-12-01 04:05:13.978","2023-12-01 04:06:38.208",NULL
"0x4861256bc141ddba74a15809e3913b62c73f2a14",NULL,"did:privy:clpmc610i01l8l60fv2pp1igj","Jpknegtel",NULL,True,False,True,20,244,"2023-12-01 08:02:09.591","2023-12-01 08:04:23.63",NULL
"0x1f6553263e62ed5a4fc102da481a99a8a73e7251","0x98397a068d413d3c92a506f98c5f25d33a9dac14","did:privy:clpml9uly000yjh0fm5hdgseh","tomu.eth","https://openseauserdata.com/files/9643724455bc5c454c44cffe46e3efd2.svg",True,False,True,5,245,"2023-12-01 12:19:24.61","2023-12-01 17:15:46.917","2023-12-01 17:15:46.916"
"0x2b1fbfc545bcf6737d72f9b88e71bfa1e3e1db29","0x6e31344032acefd3f2fb00822a1a51cd7d1a86b3","did:privy:clpmpidss004xjv0f34tonegz","apetrikeev","https://statics-polygon-lens.s3.eu-west-1.amazonaws.com/profile/nft-0x6e31344032AcEFd3f2fb00822a1a51cD7d1a86B3_eth_0x932261f9Fc8DA46C4a22e31B45c4De60623848bF_9169.png",True,False,True,20,246,"2023-12-01 14:15:34.088","2023-12-01 14:17:43.301","2023-12-01 14:17:43.3"
"0xbe59cdad9bf65619ff338090f60dd65337d37ebe",NULL,"did:privy:clpmpkp99005gl60fg409kav0",NULL,NULL,True,False,False,20,247,"2023-12-01 14:17:19.585","2023-12-01 14:17:19.585",NULL
"0xb243da385832607a7e0c882e2b91cd3d3e93a1e4","0x8d907ba7bcaa58817eadd09e9b1d2dd308533024","did:privy:clpmpx1ay017bjp0fxaudq8fo","0xalaa","https://statics-polygon-lens.s3.eu-west-1.amazonaws.com/profile/nft-0x8d907BA7Bcaa58817EaDD09E9B1D2dD308533024_eth_0x6c30e971c30e904bD994124e5427505be77DAe4c_299.png",True,False,True,20,248,"2023-12-01 14:28:14.758","2023-12-01 14:59:16.35","2023-12-01 14:59:16.346"
"0x18d47571ee9770e8b7556a1f2336f6ce838c2d08",NULL,"did:privy:clpm12o2t00q3lb0fm3x4ff4s","bakufu",NULL,True,False,True,5,249,"2023-12-01 17:33:13.795","2023-12-01 17:34:37.092",NULL
"0x388025d5e9401b8658d6e57a97ec99dddfcb516b",NULL,"did:privy:clpmyks9i002cl50gx9g315pt",NULL,NULL,True,False,False,5,251,"2023-12-01 18:29:17.606","2023-12-01 18:29:17.606",NULL
"0x1fe0ec0db3b485a44d2951f051b90ae61becc90a",NULL,"did:privy:clpmzdclw00brjv0flt7vxb5a",NULL,NULL,True,False,False,5,252,"2023-12-01 18:52:12.295","2023-12-01 18:52:12.295",NULL
"0x6b91a31c49dcc932772923be92e86d6130805af9","0x84a68bb45f41b75360338e98fc43367e68226b6b","did:privy:clpn1qlwf003dl50fk8pmy738","alxfal","https://cloudflare-ipfs.com/ipfs/bafybeibdw66gzmwe5vrrzo5wmm26e3pxtcev7v2bwvimi266kpbdvnpmla",True,False,True,5,253,"2023-12-01 19:57:51.09","2023-12-01 20:48:34.697","2023-12-01 20:48:34.696"
"0x9517cd307910dc604e3b1526984e2a498b43b331","0xd1800c1df4e798954b992a1b8c8fb7c02c3957d6","did:privy:clpn8y491026klc0f2jj5w1nc","Solene Daviaud","https://talentprotocol-mvp.s3.eu-west-2.amazonaws.com/f5352a0621095301c17384aefd09cc78",True,False,True,5,254,"2023-12-01 23:19:45.938","2023-12-03 12:15:11.92","2023-12-03 12:15:11.919"
"0x8d701fc81ceb6459d46dcc66bdda570fe126c440",NULL,"did:privy:clpntysgk00jjib0fou8ydhng","simplepixellife",NULL,True,False,True,167,256,"2023-12-02 09:09:07.039","2023-12-02 09:12:25.64",NULL
"0xfc16f6489e8590a77e699053f15d0c3fc005bff7",NULL,"did:privy:clpnw2l3x009cjn0f2hyma9an","caffeinatedgaze",NULL,True,False,True,419,257,"2023-12-02 10:06:59.199","2023-12-02 10:10:16.395",NULL
"0xe0828470e5e9242d511be6c2110602e017b08b26","0xcbfbcbfca74955b8ab75dec41f7b9ef36f329879","did:privy:clpnw9w4b004dl30frczvxpyg","sarvesh","https://i.imgur.com/Y1au7ZB.jpg",True,False,True,20,258,"2023-12-02 10:17:51.764","2023-12-02 10:20:32.275","2023-12-02 10:20:32.274"
"0x30aef8a596aaa9affe54e55687bb3e7ae66aef96",NULL,"did:privy:clpnwgpip00e5ie0f4y0qoldo","kkm",NULL,True,False,True,20,259,"2023-12-02 10:18:01.439","2023-12-02 10:18:31.783",NULL
"0x361fb265a231595c368f3d3aa0c26ba5068ec0b9","0xb3a84330b0c3cd838d9ed9edc59574207d6825d4","did:privy:clpeoz4jg0629jo0gu4zu529k","criptomommy","https://talentprotocol-mvp.s3.eu-west-2.amazonaws.com/a2875a405eb2a27c835bb12bcd3597f5.png",True,False,True,5,260,"2023-12-02 15:20:04.903","2023-12-02 15:29:06.687","2023-12-02 15:29:06.686"
"0x6bbbfb2283ffedec55cc490d3d780a125e004809",NULL,"did:privy:clpoaya9o014mla0ffaxt64sq","Abims",NULL,True,False,True,5,261,"2023-12-02 17:04:00.163","2023-12-02 17:06:44.896",NULL
"0x8d9a73248de1a13203643287546b73959d72a669",NULL,"did:privy:clpocscvc016elb0f37vktpuf",NULL,NULL,True,False,False,20,262,"2023-12-02 17:54:42.38","2023-12-02 17:54:42.38",NULL
"0x9b993e64e6b0a429549ff1e3fc65cf32b570f826","0x11b4e83bc3e9605f03e2a4c34bd09567be5aebbe","did:privy:clpof9a2r01ecjt0frfgfbqvv","malston","https://lh3.googleusercontent.com/14PMXpyVVP5F0OxnZkWrsoEoyVPBYd6Fx1H39wC1EBZFShhjZkyvKVAGpprYqQS08uUfY1IawOzuqeGGZQW2RLs36zFf1wx_Hcnenw",True,False,True,5,263,"2023-12-02 19:03:49.809","2023-12-02 19:05:42.425","2023-12-02 19:05:42.422"
"0x990fd70ea25ee57f887e0bade23aa3b1232b4151",NULL,"did:privy:clpogntu80022kw0ffuinsl4q","lwymmd",NULL,True,False,True,5,264,"2023-12-02 19:43:16.758","2023-12-02 19:45:34.821",NULL
"0x0b919061dd8d8b3be2f80b51635a0f544ed4ad26",NULL,"did:privy:clpo3qlbb007wl60faee7jyka","serkanbenol",NULL,True,False,True,323,265,"2023-12-02 20:05:42.229","2023-12-02 20:06:15.659",NULL
"0xb79473fb2c944513df1743cfd119e6176d812bcb","0xb4ed960387e67f5354e29ea2dbc31e1ad2de8ff0","did:privy:clpoj1qhk00q7jv0gwgm4x08h","the_mack","https://cloudflare-ipfs.com/ipfs/bafybeig5fhrgbuiuvbt6ypcedpxivabuwtfpinw3tyzkyg63rwzyl64pxm",True,False,True,5,266,"2023-12-02 20:50:35.763","2023-12-02 21:53:03.122","2023-12-02 21:53:03.109"
"0xb7d886d4d345583fedeeaeea541a37ab6adc8ace",NULL,"did:privy:clpojxm6s009gl50ffgpfvd2n",NULL,NULL,True,False,False,20,267,"2023-12-02 21:14:45.549","2023-12-02 21:14:45.549",NULL
"0x03157f22eba89cd417fac54c09cf1a41f1b112da","0xa287c992edcc454f3c1a4278b1b9149a991a7b12","did:privy:clpoku7rs00kql50fmxsg7tbn","poormarty.eth",NULL,True,False,True,5,268,"2023-12-02 21:42:26.496","2023-12-02 22:04:11.307","2023-12-02 22:04:11.299"
"0x42ddc7f58481d7f78baecb7a24ae891979898c83",NULL,"did:privy:clpmf59kd004vjw0fvfkn8p6e","tom",NULL,True,False,True,428,269,"2023-12-02 23:49:36.78","2023-12-02 23:50:58.542",NULL
"0x2fb9efd67142e9232b9e395f88f2318f7647c5fb","0x683231e17f6db6b4208206164c08e19826bc068a","did:privy:clpp35adb003vjm0fkb8dl44n","rzr.eth",NULL,True,False,True,191,270,"2023-12-03 06:12:33.061","2023-12-03 06:15:10.409","2023-12-03 06:15:10.406"
"0x07dc3900a93c23ebca2aa10a42023cec6fdbf876","0x6fa35b3f693ac1bd2fafa9d937b5f9d5f29b8e0e","did:privy:clpoditau008jjo0fpgkzgjt9","itsaditya","https://cloudflare-ipfs.com/ipfs/bafkreidvmhoorj4oezxdhtslgnaprnqm4v7culolc6vcf7rpydvmlqkegi",True,False,True,5,271,"2023-12-03 08:11:22.728","2023-12-03 08:17:22.742","2023-12-03 08:17:22.741"
"0x8a7488f94ad7c76a3bf19d508087cbab1af7dddd","0xc32b2b10a4c763b9ef081f117d111f7fa49353ae","did:privy:clppa2p1l003vl50fjrgwl9jo","kudibos.eth",NULL,True,False,True,5,272,"2023-12-03 09:27:34.534","2023-12-03 10:02:40.064","2023-12-03 10:02:40.063"
"0x31bcc678c887cd9666ab6005a619dd9ad46b71fe",NULL,"did:privy:clppgk89m007vl30fwiz8zzlu","abranti",NULL,True,False,True,5,273,"2023-12-03 12:28:15.573","2023-12-03 12:28:51.892",NULL
"0xeaabc878f14b0ea5424d983e2ef9dcccd8f3ecbc","0x12289b133f5e15428e3766cf837264025d9b55f6","did:privy:clp2mzoju0259l80ftbtx0kkb","dbk","https://i.imgur.com/5VuszsQ.jpg",True,False,True,14,274,"2023-12-03 14:28:38.647","2023-12-04 15:05:23.742","2023-12-04 15:05:23.725"
"0x4156dc29808a356863cf321e34b4407eef7a4681","0xd90d45a203f40006d500a6c01583f2b96d507d08","did:privy:clppqonr800h9kw0ffqf7oejm","petricab","https://talentprotocol-mvp.s3.eu-west-2.amazonaws.com/271022c96f5a3e7e8afa7305c4c3743c.jpg",True,False,True,5,275,"2023-12-03 17:11:37.574","2023-12-04 15:28:11.314","2023-12-04 15:28:11.311"
"0x52d6585147cc09e2c6ba74fe36d30f097ff44c0c",NULL,"did:privy:clpnrt0qc017fl30fy4pvp7cs",NULL,NULL,True,False,False,5,276,"2023-12-03 17:33:32.934","2023-12-03 17:33:32.934",NULL
"0x50f43f6c645ae4f5d5fa75bc3bc1edb08c357045","0x6733c60e6e02f9c8fa221db1aea018d80d949861","did:privy:clppyloq8006ejp0f36p1lamu","Hiromi","https://talentprotocol-mvp.s3.eu-west-2.amazonaws.com/6ed7d6a8bb8b414732524eae125ce33d.jpg",True,False,True,5,277,"2023-12-03 20:53:09.118","2023-12-03 20:54:20.821","2023-12-03 20:54:20.818"
"0x40e9b70ef9379c10211c6f0f9736c27d1312fc89","0xe0235804378c31948e81441f656d826ee5998bc6","did:privy:clp35dgow00ubl70fl1zfpdas","alexcomeau","https://i.imgur.com/QLPKaO7.jpg",True,False,True,5,278,"2023-12-04 04:15:39.084","2023-12-04 04:25:00.235","2023-12-04 04:25:00.234"
"0x72a86e38d1d799667425662f0cc67c66f690b95a","0xba78b3f5ce7f6c6a41256ee32802faab7241a4ec","did:privy:clpqpw3hv00ujjo0fwl7axjqr","Alejo","https://talentprotocol-mvp.s3.eu-west-2.amazonaws.com/491f8704a05fb934f3c05a1f94429cf2",True,False,True,2,279,"2023-12-04 09:39:00.917","2023-12-04 10:05:29.476","2023-12-04 10:05:29.475"
"0x7c221c641a0a2b3d384827df105ad96473a87a9a",NULL,"did:privy:clpqqhcay0036jo0fyukw89xk","marisa",NULL,True,False,True,5,280,"2023-12-04 09:53:50.038","2023-12-04 09:54:24.718",NULL
"0xce41df54faf10dadf86706b0753839453af5c3f1",NULL,"did:privy:clpqvmmjt015mjk0fdj11zn0b","Aaronsage",NULL,True,False,True,191,281,"2023-12-04 12:17:42.148","2023-12-04 12:18:40.966",NULL
"0x10a8cd5cf8d7c786c351459d983bfa6bd945ee57",NULL,"did:privy:clpqvs0em006llb0f56rzqip0","neeel",NULL,True,False,True,5,282,"2023-12-04 12:22:22.015","2023-12-04 12:34:24.973",NULL
"0xcbf49a84aca7c905df7ada807e82201b28eb16c4",NULL,"did:privy:clpnro63o00owl10fxzmbfso6",NULL,NULL,True,False,False,5,283,"2023-12-04 12:35:11.408","2023-12-04 12:35:11.408",NULL
"0x304a2fc467e959c007f8026a263b6f84616cc6bb","0x43cf3f6c919a45c680264551ff6b0d6ed26140d3","did:privy:clpqwmr2t004el30gp7ssp003","Arlette Salas ⚡️🐐","https://talentprotocol-mvp.s3.eu-west-2.amazonaws.com/a3c895dc60022903a66c18d1ea5e14af.jpg",True,False,True,5,284,"2023-12-04 12:45:45.673","2023-12-04 12:47:15.17","2023-12-04 12:47:15.167"
"0xf7df25e4b12f7c040cb3626856e3ecac2929d8c9",NULL,"did:privy:clpr1w9zf017el30gr1ixdonl",NULL,NULL,True,False,False,5,285,"2023-12-04 15:13:10.868","2023-12-04 15:13:10.868",NULL
"0x2819f150a51139802efedbaa61794231d036373f",NULL,"did:privy:clpr3631u00mnjw0f7s183bin",NULL,NULL,True,False,False,5,286,"2023-12-04 15:48:54.131","2023-12-04 15:48:54.131",NULL
"0x1ff5dc3e674854e1bf8781d98d143c63c1e5aebc",NULL,"did:privy:clprf8uc000n6le0feuiqlsxy","mattia",NULL,True,False,True,12,287,"2023-12-04 21:27:30.054","2023-12-04 21:39:32.109",NULL
"0xfd1eb844e8dfc74a31981525c9bc6fd5531c3630",NULL,"did:privy:clps2xyyn01dil40f5zlqfawo",NULL,NULL,True,False,False,5,288,"2023-12-05 08:30:14.593","2023-12-05 08:30:14.593",NULL
"0x9f791106630e44ec3ae3fb37c6c55fcb35c2e374","0x79c4213a328e3b4f1d87b4953c14759399db25e2","did:privy:clps2owdm00nljm0fuf4rxaj4","litocoen","https://cloudflare-ipfs.com/ipfs/QmRxkhRneA7kGaUm5RxfCmFNGuwVrnfCi9Fj84nos12HeY",True,False,True,5,289,"2023-12-05 09:01:40.751","2023-12-06 01:48:10.504","2023-12-06 01:48:10.503"
"0xe7094fe5a0968ed7eb6df682f892a980acc2cc1a","0xf1b997a165d088ef6fa1a0877081524a95f41ede","did:privy:clps4o5rd000xkw0fnjg1xv1a","Luz Alba Posse","https://talentprotocol-mvp.s3.eu-west-2.amazonaws.com/b325adc14ce39c49d5843e9c793bcad2.jpg",True,False,True,11,290,"2023-12-05 09:19:40.865","2023-12-05 11:24:04.907","2023-12-05 11:24:04.892"
"0x9392ea250fc8203b138ab21e726ff0bc4d03b8b1",NULL,"did:privy:clpsgip3u007nl40f40108k5z","laishaw",NULL,True,False,True,5,291,"2023-12-05 14:50:40.633","2023-12-05 14:51:52.183",NULL
"0x84599554ad48509acc6bc9e7e86465a191f2a15c","0x621b35b50c508f3497437ae777dee70d052d6ad9","did:privy:clpmx0xrb00j1i90f7xg0dkjn","masonnystrom.eth","https://pbs.twimg.com/profile_images/1088680276656500736/1qZ_KMbE_400x400.jpg",True,False,True,5,292,"2023-12-05 15:01:30.725","2023-12-05 15:06:28.643","2023-12-05 15:06:28.642"
"0x7cfb13b4c9d455b4ab62990038c858b67f8e3393","0xb5138ed0c2419233b7004713f1d52798154cb935","did:privy:clpsi6v9k0023ic0fcc3uwys5","otrsk","https://cloudflare-ipfs.com/ipfs/QmVy3SuDiTHrh858pTH17rPN7rQsWftUruz1qdPWqkmPoe",True,False,True,5,293,"2023-12-05 15:37:36.335","2023-12-05 17:50:22.425","2023-12-05 17:50:22.422"
"0x7d2da3c915cf7dc8196d76e1252e6c19f06fa184","0xb1b6e377aa6ec6928a1d499ae58483b2b99658ec","did:privy:clpsiyxcu001ql90ffspoczlg","hiddentao.eth",NULL,True,False,True,5,294,"2023-12-05 15:59:34.222","2023-12-06 18:13:16.051","2023-12-06 18:13:16.048"
"0x66e51cfeb58f203e4d1cdd2a2e9344ba2987b527",NULL,"did:privy:clpshoonf0069l30ficjtmw3w",NULL,NULL,True,False,True,430,295,"2023-12-05 17:03:40.551","2023-12-05 17:13:38.557",NULL
"0x5ddf6fd99cb3d4243872cd211a59708bcf8b4fa7","0x030cd9c6e0fa5e80b6c4c389367ab7aabd001b37","did:privy:clpssu5dy01mpjn0j2z9kmqa8","razzor","https://euc.li/razzor.eth",True,False,True,5,296,"2023-12-05 20:35:28.791","2023-12-05 21:14:52.014","2023-12-05 21:14:51.999"
"0xd1df17fe40ec86831ad291615eb30e0f3e16e528",NULL,"did:privy:clptlwnyy005pl60fc048ok8p",NULL,NULL,True,False,False,124,297,"2023-12-06 10:10:09.979","2023-12-06 10:10:09.979",NULL
"0x59e72394b3730e8093d125297475c0661de37209","0x4c81a46aa977f01edd9c98be58d5618a9169f735","did:privy:clptslwm90091l60ibxojutwr",NULL,NULL,True,False,True,5,298,"2023-12-06 13:17:58.673","2023-12-06 17:48:32.221","2023-12-06 17:48:32.213"
"0x45bf6129dae79d85e2f71bfc5f67ab858e616511","0xff36cc1c9b6ce6c9e5ccf6fecd0785ceb0cad9d2","did:privy:clptso9bc00djl10f4j4v63rs",NULL,NULL,True,False,True,5,299,"2023-12-06 13:18:48.235","2023-12-06 13:48:22.493","2023-12-06 13:48:22.492"
"0x1cb71054be3573b85a8ec351125afac73c3eedf3","0xdc4efdac43475f434482e61805e0df96d2dc1df4","did:privy:clptst4ru00nol50fw3sltbku","kayprasla","https://i.imgur.com/35A0nAY.jpg",True,False,True,5,300,"2023-12-06 13:22:08.39","2023-12-06 13:41:37.94","2023-12-06 13:41:37.939"
"0x1ccf37ea4bf4676da6f5ec942e7a67b15582150b","0xffa5ee39f01d95c010c2bf229368fcee13a71888","did:privy:clptu22gg00g7ju0fwsh28h2r","flinks","https://i.imgur.com/2aVR8TL.jpg",True,False,True,5,301,"2023-12-06 13:57:09.547","2023-12-06 14:04:21.651","2023-12-06 14:04:21.65"
"0x70639ae4683fa9daa6692044267c04ac1643cb15",NULL,"did:privy:clptljlhz0006l80fmytybzxj",NULL,NULL,True,False,True,5,302,"2023-12-06 14:12:10.734","2023-12-06 14:16:48.909",NULL
"0x5c1969790aefe28eb34043eabe69c177db8f015a","0x4a8f300114f6a3ced6847f8cb18264c2d9b82d59","did:privy:clptuwr7r013klh0gyy16qccl","boi","https://i.seadn.io/gae/VwAq_8Clvtyq1itGo3RkBVnf56JiVtzwhl8yz4mLmqCXqlmDtWTCvY6ubWJWfv4DlKFILxdoH8x-OKj0wKAPCprm0CfpthgQ4mpS?w=500&auto=format",True,False,True,5,303,"2023-12-06 14:20:52.58","2023-12-06 16:14:03.165","2023-12-06 16:14:03.162"
"0x3c70340bd395305f60e520f8d0773dc2926e6706","0xd19680c163aa1d97817e1d5cb6114942b05ab54b","did:privy:clptuzdr700xoju0fvjjiebrj","rsmarques",NULL,True,False,True,9,304,"2023-12-06 14:22:51.425","2023-12-06 14:26:50.345","2023-12-06 14:26:50.344"
"0x5253075911908d38391b42cb8f598421341efd4a",NULL,"did:privy:clptv2tkp0112l60fyyiwnlb0",NULL,NULL,True,False,True,5,305,"2023-12-06 14:25:33.792","2023-12-06 14:28:43.488",NULL
"0x9cd65fe6dd333bc645e6775c70b4f2a1a13c0ad4",NULL,"did:privy:clptwdds8003ojn0fndlp8a4k",NULL,NULL,True,False,True,5,306,"2023-12-06 15:01:46.195","2023-12-06 15:04:08.107",NULL
"0xd254bb85234d70f70d97366e9adf75b0b7be6a65",NULL,"did:privy:clptu74d201c6jt0fdivgjz70",NULL,NULL,True,False,False,5,307,"2023-12-06 15:38:24.727","2023-12-06 15:38:24.727",NULL
"0x7db404633791ff29fa883a5991cb2515742b663b",NULL,"did:privy:clptwk9ad004ujq0fmglezkn6",NULL,NULL,True,False,True,5,308,"2023-12-06 15:55:09.558","2023-12-06 15:59:54.567",NULL
"0x0c5c5671e19602b10a87402335cff6f5ed77723d",NULL,"did:privy:clpu0yr3x004bjo0gql27ht2b",NULL,NULL,True,False,False,5,309,"2023-12-06 17:10:26.111","2023-12-06 17:10:26.111",NULL
"0xc5da9267c6a43507d353c3cdae3497a63a82484d","0x4e8ad3c90f026e4d034b81ba0e1a929e77d80b36","did:privy:clpu1lpug00q3jq0fv418wmgx","kempsterrrr","https://cloudflare-ipfs.com/ipfs/QmbN2ie5rHqLYw2vn6Rc2yYQkExVsBLemt2AoDEBZiwgKD",True,False,True,14,310,"2023-12-06 17:28:20.819","2023-12-06 17:30:03.103","2023-12-06 17:30:03.099"
"0xbc90f4042b78389758f2d55ac8271bd3977feb7a","0x6e0e750a6d2ae365243f342ff1c528046c467fa5","did:privy:clpu1x9vb00aul70fm24089y6",NULL,NULL,True,False,True,5,311,"2023-12-06 17:37:14.921","2023-12-06 17:38:39.888","2023-12-06 17:38:39.887"
"0x3445d7f4d093b38e18d2271a4c33d282b9219040","0x48c29821235ffc527d1a265eaf2dde0b4a1a0f07","did:privy:clpjvfjyv02jklb0fs7zss8z4","Amanda Maritan","https://talentprotocol-mvp.s3.eu-west-2.amazonaws.com/c1f8981a7bc1838464afb928d572c361.jpeg",True,False,True,9,312,"2023-12-06 19:21:09.205","2023-12-06 19:26:00.72","2023-12-06 19:26:00.717"
"0x42139062c37c127f7fce1634fba22ce8761e8772","0x234415043b1fff486e8315a14f4bcd4af1e7513c","did:privy:clp5fkpp305swl50feautqzau","barsik","https://talentprotocol-mvp.s3.eu-west-2.amazonaws.com/e28c3cd2c412b9ce81ea742df6cc17e0.png",True,False,True,429,313,"2023-12-06 19:52:05.902","2023-12-07 04:30:37.786","2023-12-07 04:30:37.775"
"0xe8ca799226a154583d6f7524a3e7931b41f4f59a",NULL,"did:privy:clpgkc7zp0296l00f1zcjiym0",NULL,NULL,True,False,True,429,314,"2023-12-06 22:21:00.908","2023-12-06 22:21:50.68",NULL
"0x1be3bb888124259471316babf8e02930b58c008d",NULL,"did:privy:clpudp319004rlb0guz7cyd8l",NULL,NULL,True,False,True,5,315,"2023-12-06 23:07:02.187","2023-12-06 23:08:49.473",NULL
